linea,id,nombre,base64
4,602,Chana - Zaidín,R0lGODlhPAA8AOYAAN4AAOtZXf/MzPSnquQmK/CGieIaIP///+dDSPjIyvzq6+51efa8veERGOYzOeMfJPvi4/GVmOlQVO1tcfrZ2uENE+Y3POQhKO9+gvvf4PWvsvOZm/3z9PjQ0vGOkexlauMaIPfExeIWG+hLUOlTWOAJEOUvNOc7QepXW/KbnOUqMOhHS+96ffOfovfAwu+DhuxqbfW0tuc/RO1ydethZfSsrvCKjfzm5vjNzvGSlPSmqOpbYPa4uvre3/KeoetaX/3v7/74+PnV1uAABv///wAAAAAAAAAAAAAAAAAAAAAAAAAAAAAAAAAAAAAAAAAAAAAAAAAAAAAAAAAAAAAAAAAAAAAAAAAAAAAAAAAAAAAAAAAAAAAAAAAAAAAAAAAAAAAAAAAAAAAAAAAAAAAAAAAAAAAAAAAAAAAAAAAAAAAAAAAAAAAAAAAAAAAAAAAAAAAAAAAAAAAAAAAAAAAAAAAAAAAAAAAAAAAAAAAAAAAAAAAAAAAAAAAAAAAAAAAAACH5BAEHAEQALAAAAAA8ADwAAAf/gESCg4SFhoMKPC8oFhcXDigvPAqHlZaXmDgeKA6OKg6gDiqOJiQeCZipqoMUGCoiDjQ5DBQKQbdBQBQuETQOIgQsQqvEhTgBFSYsCUEHzs/Q0EEJLA4VKKjFqhAfFTI6HNHi485BAwgNNBnalz4iJjrjQAkDNiwzMyw2OgkK4zW/NrAzBORHgwXhoFHIQeJVhYcQHzYgICEHhWgcWDRAAWSgIAomCDCIxiAAiBINDKg0IKKlCBAwQTQoAQIFj2guVKgYxg6HAQQQoCWQ8DDmQ2AOTpxwQEDE0QcPGlQYEQLajRUishHDIUJCwgNBFjRoAPWhgwk6Ovh7BqTDgBkW/8bCHDvjaxAUDbSmomCARDNnQk7QBFFBBA0Gf50BuXEDCEkaBipALWGhAzQUInhiAmICQWIGUR843WEZLIMXJCyMukDAAgkMiAHTKBzVQIxnQVao6IgJBYEbzzQ0EPGgggoNziBgsFZh+EqVUpNh6OEshgrJIhoMeKZAhQRMPhq4eMYg5YMSI4AHeXGeONT38KGKKPEAQzgFEugbaHDbWYgGAlVyQwMsPCMECMSVQEMzIThAU3wQxneSA+Md8AF9LZV2wAsNQFCJLwkFcQJZDczgTAstRahifGOl4IxGUTkQogMBHNJBBTU8wwJ9UGHwwgTmrSgkVDLB8AIG75VgYv91FeglCAkIPINDAyC8F92QWFr5EHwVVOXMCiMUQgGOz0hAVpYRPmcAmg2sEFwDFBBSzV8uSIYmhCLopNMFd1ZwkzMOLEAIARg8s4OddybpgQKMKuABokM2QMIz7A3CFQ7OZABToknCEE0KPGYpwkUHdJCVIB5Y8FcEoSZawQqJObMBpEOWYMMzFhTw5AfPkHBmonkCF82sdzYwwjMwfKeACRsopsKaiaqEqTjE3knAWj6ocAMPF3iZgHuubudMBIlVy6aXIVygAQYXUHfAALRiWcILz3jgADTmZlmBD8kRsIAEuzljQ7xCVrDDMwmU4OYz+WJZAb0HcGDCCiY48Bf/CwSr2MAJCXWHHr4Zq1jBkgdYQMADJzwzQ8jxEefuAUSJcCzDLENYgafOnEBcys6sjKYBIzkDAwAVDMGzMx4QXaW+vOb8jsUv1iyfDGzlsMEGEeT4TAc5pOAAtEOOjCtFJjh2wMCiUk3OOCv8WjDEEq/AbgbO6CC1aGqvHQ1W+vJ7AAT+xtCtMwm4vaIIUeq9t+EaV5jABTUs6+IBQBCwtJAGmNDC5py3sEGFgG3QwtdoCpvtDURIgDPMjIsc0UMANI200lkai2yYRNhgwTM5tMppBROAfKetz5ygKxHfltaDSpy+J/YzKdwtnxCAGRDCIBdAfABezZcFAwfgc5CD//QNSPBMAQ8QsgDUBzAgfYQEmCB/SMP3V/IMhIyJnDMjtP7zc2xK3AFi0ADNCEICCztA4eBzpe5BqIFlAd0IVmAIHFTAfjMI1QIWQAMqOdBKNGABCy5QpRKsjgd5OUQAVOUMDsQlKgU6wAbG4sDs5MAZLyBOA8qGKxJUAgIN0F4HmGdCZ7jABA9KVAlU8KcMPoAlCThfBdZRiRl6aYDmKQEJ/AEEFpwEbCsyQAkMsADHACEA+iET4USQA0wAbC3vGk5xTPAnCizgOs0xQEzm8hAVLIBUDLDGEyvQAraYAHeXqBysnhGD/YimAR8gFQdiwIIRmMARpBjBAmKQkB7AgP+Gw9Ea/y5AiVQIQQQBgAYOHFQWEMDgis5QQA96cINYJWACxZmMCaL4jA52gBj/CUBiOACkMzXnBCzQAAW+EjEKUFIGUqnSWGBgNmfMxgXaCIEIVgDHA7hgBVsSTVFUcAIEIOAEKiAMbaJSAQQETTH9wyY7hKATWA5QAvOhUkxc0pKYzKQr+0NYSH7pEQWQQAQviNUBhGCDERAgOq97yAVGUAANna8rpfSIICLQAAsE1Cou8MELZgADGMzgBT5wgbCiEYMRtVGjYjLICjSgUMWxtH8oiBNMDxECM1ngBRa1aQcKEJcRyHOnlujADC5ggBPAwAcJgAAzOQCBBLRgAicyMMAFJkBQpKoiBAUAGGtMYAEZyMACIbmACkbwgqN6VRsQqMEMEHCBsVwAATMYABVhGggAOw==
5,603,Beethoven - Parque Nueva Granada,R0lGODlhPAA8AOYAAFZ2HrvIpXSPR/r7+JWqcubq3meENNLbxIScW6m5jWGALO/y62+LQMjTtqCzgYqgY9zj0GB+KnqTTbPBmWqGOeru5Fx8J8HNrfj59o6kadffy3yVUZuuemyJPKa3ic3Wva6+lPX38XKNQnaRSefs39vhz4yjZmSCMcbQs9/l1ZKnb4eeYKS1hYSUUv///1p6I8rUuLW9lNbeyO3w573KqJytc7XFpZy1e8POr/L179DZwuPo2bbEnau7j5OocIScUlpzIf///wAAAAAAAAAAAAAAAAAAAAAAAAAAAAAAAAAAAAAAAAAAAAAAAAAAAAAAAAAAAAAAAAAAAAAAAAAAAAAAAAAAAAAAAAAAAAAAAAAAAAAAAAAAAAAAAAAAAAAAAAAAAAAAAAAAAAAAAAAAAAAAAAAAAAAAAAAAAAAAAAAAAAAAAAAAAAAAAAAAAAAAAAAAAAAAAAAAAAAAAAAAAAAAAAAAAAAAAAAAAAAAAAAAAAAAAAAAAAAAAAAAAAAAACH5BAEHAEEALAAAAAA8ADwAAAf/gEGCg4SFhoM5Oj0ZEh0dEhk9OjmHlZaXmBATJgIUFAwCEhICDJ4CGRMQmKusgzseDAojBDwHBTkDuQM5BQc8BCMKDB4FrcaFJRkRAh4lAy7Q0dLSAyUeAhEZqsesFQQRLSjP0+TlLhg4GxEEFdyXAbIo5TklOBMeDg4eEzglOeU4BCig4c5QjgwKPGCYVoDHg1gWIkqMKOwBjwLTMHhQkCFEQUE7RIg4ME1HBgMWIpwwYOCEy5csDUSwYCCDjpKgirkrcQLBAmkaVkRkeSLiCQYjNmwY0aGohZUyI6zQIG1GixPbjJXINu6cgwgRWEaU4ABFin/RcqRA4UACWJZg/x0shDbggYKsq3acyCAthYQXYk8QICktxIIFIaYdIFCU5QsJO6Q9OKETUwgGCLp+kElBgQICkV0MOJDggYRSnyQ8SHBgXAoVTymEvUm3hQiPmB7+hIZCJQULIj5Aq5BAQESVL13OtCAgQQVoMBhYoHAiQoNoCxhkwASPKjQdvl88+IkhgYEXUGOqj3kCcIJnC1a8oB6BtgsZEQhWmhEhQbQULlHwAgfQyCAAYOslmOALI3hHwHwuhebCRjNUosII42DglgEJQRMAWBQoKKJ6ntEADQsKyCTBXAMI4MMhEFgAQzQOzGcABQkkwIFvI/YYUwQc9OBBiOexEE0DFqRgyP8KCESjQVg/DuXjlHBJCRcE0bTwQCEFRDAjNAhAOWVyZCZHpVRHWkACIQ5g+B1NVBogwgai1GmnKET6aAFhLXpACAU9RGOCmHrKYw5dEqQ3ogV8QZNAB4PwlAI0BSjq4wkSHpponCRAAwFWgoAgQTQTIEglA4kdCs2mU77AQzQjTCDICgRCswKhPSrQZDQDYODrrxiEMIKlIkbwQDQEmBDEAiIEAE0OHcSJUq3QPCTAtdh2Ii0DaAUgQA4NUODdk9Ja8Co0MygAwAsRAfAUsbmWUCAFH7BAwXMuXAAnlRbYhwIFIOiggQ4O8RinBThAQwKOCNwGDQj7UokRNCXsJs3/Bx0okKeeIEATgggPPDKOAxH3eIIAXR0KYLlGijaCQBtEw0HJIxo7TQU66GCxozSLaIED0UjAYczQzHywB9Lw4JQBwkWj18FAr2qAyNCQLK0EK2S9gktwocrrsPy2PMAIIjScag89i/gCAGybCpd30GyQ4pQWdOzCxw840AG+NKSdIAMEBE7A1nlGIG80G8CboAUXDIdjuN7hR+UJo6Ylk2MSdJUDA3EqEDm9M4hgogsLRMupNDokekILmerg93rceigCJbRGs8Lcek5Azg6ZQjPomccWvWUQopLqto+dqupCAK+r52rQIAiiAabQPE2lAgJgeegEuJo8MYBZARzN/wPdi6jACRwcYPEAJNCAQPPqRWBCND1QwGblLnwAv3oRMbABAggQmgVwxy/7jIAFhNhBBJrmgjBJiz2eIWCcIrArF8AgApURBACjIYOILeeBPfrgj+CGgBUYYisM5ICNKMACFnwDhApahwfs5Zio5S8CeBmECTLnMWxwyD8u4AGIYMghBThrQimKwAhYNILtHKICEbCbCz61khdETQciOB6VXjCSokHoBJOCRg8i0I5K8EABh7PgU86TgX+EgAVFUZx62nMCFiQmByZAkAUYqAEjYmIF34qGvk7wGwEQpgAOkM4AFXUCBUREBCyYmA6MQx2EpQVkq4DWCrrSgEZ2Rv8BHJhYCOoFSNN1QAArYMEH5lKAGoBIJV8SDQI6QIlVpEABKpBGCQ4kFgNwAG6iWUAFKrCAlGmAAyhxzAi0Bw2E7MAYHVRBV0IwswiEaIAb8AAMCjAXaGCgADDwgNzgBBYOpEo0ytAAN2SggBWgBRoHeB+cHEkTEUgAgBIQAUoGWCUEEAYaC0CA5wqSglMC04Jb4yd7zMQSR57gAbGEhgZEwAAlfWQBk+lBylyQAhAgQDYTCSkFEACCMPKqBwp4QC0/IgghSiCi0ZjBAQKQAAdw4KYJoMEBZlAOGLiFByw1RAGUgQAYbFR504BBmDKwpqAeQga3kkBJkdqXHrhlKk5ExUQKHEAdCXCABhqogK+iEYIKaIAGHEgUBRxg0ayyQgY9WIEIKHBKCShlFB2ggAhW0AN1urUgFWDLD2RjTQSUpYxBDQQAOw==
8,604,Palacio de Deportes - Cno. de Alfacar,R0lGODlhPAA8ANUAAFZpX7O8t3OEe////5mZmd3g3md5b8zMzIKQiert7KOtp15xZ9TY1niIf7zDv5mZmfP19OHl46u0r4uYkmN0a2t7c1xvZcHIxdjd287T0J+qpKWvqpejnOXn5mZ4boyak/Hz8q22soiVjmuEc9/j4dbb2KiyrZ2oooGPh3iHf7/Gw9HW1La+uvf49+jr6e/w75mZmVlsYnyLg4WTjLW1tZmknsXMyHOEc////wAAAAAAAAAAAAAAAAAAAAAAAAAAACH5BAEHADgALAAAAAA8ADwAAAb/QJxwSCwah5BV6NOoVBofyQp0rFqv2ELgk3IKBI2wwPsJFLDo9LBjElBSHBajA2rZWxAXg8VJUSobHWqDRQUfCwIbGC0DjY6PkBgmKQsfZ4RpCTULKBeMkKChAy02KAscCZhXKm82oSAYFwEbGhobARcYIKE2fg6qRhAcFBufjh0sE24WFgvOzwsVEywdkC0mFB8QwEIdXyuQKx8GFhQe5+cU6ugeFBYeHxmQDF8RwAUGKC+PGCLOBgCd/UkhQ0YXCgIDLphR4tELBBQwYCpAYYKxFgrUKWygwUYECI8gRLChoME/A840GBtwSKIaFx4mPIogw0JADxzAhXzxAuQj/wYcPCwAaKEBiUcfKAhC00IACmMrUFZAyCGCIwYSJjQY46TBBCmfInBY8MecPEczBGzD8qHCvkYH1FVAdKBRAgmUBLJrx0yACReNMgiIps5VIxACJmBRsYCBoxVyLYjY10ICOQoAM2vWbNMEIxATbKI8OwADhV9VXlAwcSyzBQ6NMKSI4WGzbdsWUjQcUMPCVApHG0mgkOoIBwGfWsgYSkFBI1Z/bkvXrM5Bow2YKTQwBuUIiQWGB2zw7cSEiRPmpqvXvOCEBAlOKljQ4CjDgktEPqBwVGBo5mfrBfjfSQFhgJYIRbgAniP+CLiZOus4+N8M9S2wlBCTfMKAfw4iVP8BCh98gMBgHApogU4DNKAAERWw1sghEi5kw1uHZXBIbQJW4kgIFQxBAgUFNOKChAZQwIIojdiAo4PVDBCBBy4FkIIjLIgW4AIhIOkIYw5aEIAjMoQgxAewNTJBieoh94gKJ5zgwEoyYBYgBSI4cgKCEAhg3QB5LqneKY/UAIAzAHzwiAZoTlfBLgOoIMALK1SwG0UOtucIBA8m4IgJiUpHwW4YVHAAj4ANYIOV69H5iAy0eRBDCsbAaKIKdlWgwAdqNRIAqqkG2UgHyiRm1a9+rmdBlqMIgEAKsF7XqacpLOKIHY+QEGeMzjXSxBOOIEpkDB9o+koNrVZ6Aph/NND/7bO3UXCBNSsNkAGRljYSJ7OfbMDuZgtI8EgHuAr7iAP7spdtitLkOsCuDi56qQCtWqBwssVKd2wjTSEAX6kX8OophY+R54QFpA0wgZzG0jpAArZmIGlsKKtXET+oWuCYI0nlCGoFNuS5JwQVVHybDJB8MOgCAFi0asyKMuroCzhMUIMjJwsIJCRsurmSaVbX2cidQgSgbiNVWg2ylo1AZOKX9oqJA0XBwVTpB4yKksCZFTDZyJMu4VCBvy8W/J8AAUSwUgskwBdNjjI1EoIBRGwwZSMreKzeO15xwMEEfrwjIcmOcESEgnU10iCRRULI9JUIVGgPERO0HluJAKIu/13tAe02wAwzGNEfaQqIvMEGNaRnO3scmLBBfBacG9gCfefX7CgNZLdBIwRHZ7s6Rw4wXJEp+DSADB+kRgHgTqLTfCP0WG6sADppYKWvA4SwQHFHOBBRhedYMMEuLdgAOYSGGw8oACQQ+IBoFlC6AVCEBVhQRt1sQJa5COAsHdgAiRZQLHdITAFNWgElgraAdzUiTwjCQp5mYIwMtGMqp2hSCzKwARFwxQsz2EAGPtGBTZSFAg0cgAgWlYYOZKNaDVigAU6gu0a8wAUueMHWToASoqSAfgMYxuvSgIFKXARR/nGGDDZwgA4crgM0jJN/EHIC8WVxASXAhGlmULcBMMNgBswACEI4KAAZIAABMhAASsiiEASgiE8i+BQwIvCFJsprAh4oB3UgtCR3VCSIpRkDCbiBA9CcL14RCMAQPQiNZ1RgBiEY1iNCQCcqcFIILNAOJp1YAhWEQAFtco8KSkCjR2RgORB85ejGMoNZog0SGZhBJS4kTCJg4EwNkEBwjtkIEoTAJCKIYzOtEAEFBE0GbsJAAg6XAAywSQYeqIAGNrlNLobAhl5oQEEC6QURhECb7cREAkiCgLlEAwUdwR8ngwAAOw==
9,601,Los Rebites - Chana,R0lGODlhPAA8ANUAACSfIIXKhPb69c7pzkeuRKrZqGS8YjqoN+Xz5XLBcJnMmbzhu1O0Udfu1kCsPTKlL////5nMmVy3WXzGekuxSe/372u+aUOtQcLlwTenM7Pdsd7w3o3NjKHWoC+kKzyqOYDHfkuwSWi9ZdDr0F+5XFe1VFCzTZrTmPj893DAbXjEdZHPj6/croTJgyqiJ7nguL/jvonLh/f37+f152G6XsXmxdbvzrbftaXYpHXDcyihJObv3pzUm63epf///wAAACH5BAEHAD4ALAAAAAA8ADwAAAb/QJ9wSCwahxXMKsW4XBipU61yrFqv2BEvZXKGTAyGieA0pXgjrHo93HAIGYYKV9tUUHhUZVPrqEwZBCsbbIVFIykPJhwjKBCPkJGRKAMcJg8paYZrCCoPEhqOkqOkECgaEg8TCJtXBRkmN6QVIxo8HAEBHDwaIxWkGoAFrUYVKRkcApIbHRZwHtDR0IEWHRuSAhwZCVTEPhsUFDWSGCkfHg8HDg4H7e7qBw8eHynjkTUEFIStIwckM5EGiHjw4INBggcIMChRggGBA9DUOSAoYkCkGSQOaCo0ApMoCAICEFxHkEGAGw1+QarQ4EYABgQPPoih7BEKCxk2qtlwIEWk/wYl5n1Ip8LeyhkzVEKqoSLeOg8lGkSycGAflgohSHzEMNRBhgcqpJqqscKCQycKLayoIapBjgcZJn7AAAkFiRAC1DhT+iLdxBAwHiFYcQnhu3gETaxA8GgBgQfsHryANINACiyvLD7C4NeDiF8CVjjwIHGd6dPsPDhY4WiGCNXxjNZ4MKzKjAwrIDVoN3rCowEm5qEejvocA80TVGf4cO3RigwzqiQwIUoATK8cHr2KS7z76QwZCjyKEfdBiZooTOQ40uDBAkgxVK9bsQKEX+/41x3IAOKE6KcxQNJXA0aIQAIkHX1gGkGQ5ecgSSMtOAIkJFhQxAbuQWJAgw/qB/8eeAp2SJIIAj5glQ8xUPdIDfJ1+BUBNFhgFkQhduiBPelxQMRqkCQiogegKIVCAxzsJyImkKxwwRD9iMVTafk9kF0pI1DA3YNVPdJATkKcwAAkHbSYnwdTlgLBBuzY2AEkDPAghAi+PSLClfhlUIIkFdSgGSQsiInfAxZAMoGFWIkHQQUE1IifByxE8sJonzDGJpTeJaQSDhRUsIADmg1AZ37NQYCAkQ64QGKSfnqX028OwMDBBZL2iWUISsm6joIArcjhmBoIdsEKBuD1yAmpEncArZDc0OIHFyi1gUEPenDCI1iJoJAoMeyKH3MrXdCgDipEgqii3nkQoCkmUHD/wJ2P2Gdjo0sBcgA34oZAaXcPtABJCQaxC4G7D9o5ygaSivvQg/nu+8G142m7aJmj1CTqj+eiwAAFNAgLAbEiTtSCUpBwIBYEI3xa7rSHhiBCDLA+YiuWGehwQQAvDIABDyU4IHEBxRLHqK8cPNqpw95JQAMNEoTgAngeAKAvJG+52KkDC8wQgqEVXEBudx70apMEOjzgAgW5QjADtA4urFIBtPogAgiQzIlwoCudoMIKZUMQQM/DZXAqBBOI0KW/PPCN2gNGlQID0Vyv+QgDJwgxwAFO8ubgARdMWMoLlmPZ3G4bOYAyBBYw3vcHJxRsygAT3Dd3kksO8RIkGBhe/5xqJCSggllfdTwaXY/HQASGgT1Cg+ndfQie7xMZAMkCJhZhgPO/7cog8/hGSNKeNAh+yAPFQ9BCizFw4MnWHQ81AQccmObB0xAsrtMQTFQHiFe5QYADXNh7lQEOzolLHNDDgARUAQEPGN1u1PG+FYVAOCI6hzjaBRvKJekBrKhCB1bVmM6k4BcViAFE7jWcESbjUBaADfgg4SkcYEEEmeJTZ0xgjw3E4IEeyMABDMLDDEAjBDFoDgYuERmvpcx7V8iaAT7COQFmYALNEQAMYmCALpjGBAaIAQxqsoHWCfAA79EQAbqBhS3lIBIjCM5TPgCCPZmiAgiI40cgMAAQnP/jKSbQ3CMSkIETYWEAD8jBRypgnwYRRAIcWMAGJAaSDSyAAyX4ioIIAgKQJeABA9iEpwwAshqQAB3r8OE8QlACEpCgBCEYCv8m8gAaJK4CBshAJlvRAAKYwI0QWMCccsjDDyiPN74kjQjCyEIKEIBA3qjAnE4wRwg04AQG8BaDpkmQCxjgBCOzyXMsQEZv+KAD5iHmRWpQgBW0YAITaMEKClCDvD0PJh3wphE2cEkDLKCZZiLFAjaUAD/KcwgCeQDksplPLXnpARX5ZxkDcIF1gaAAA0AAIwWAgAEUAAQlwFwAkKnQNQzgBCIIgQMuQAEGSEACF7uAA1R2gll2tBUOCHAJCaR5ARKcJIPyDAIAOw==
11,605,Circular Cno. Ronda - Ayuntamiento - Gran Vía,R0lGODlhPAA8ANUAAJGFv8fC3vj3+6GXyOrn87Cp0ZmZzNzY6r+42pqPxamgzdHN5fTy+OTh77my1pWLwqadzJySxe/u9v///+Dd7cS+3dfT5+bk8MvF4Pf3+qOaya2lz9XQ5uzq9Ly117au1cC6287J47WlztzZ65SMvbWtzv///wAAAAAAAAAAAAAAAAAAAAAAAAAAAAAAAAAAAAAAAAAAAAAAAAAAAAAAAAAAAAAAAAAAAAAAAAAAAAAAAAAAAAAAAAAAAAAAAAAAACH5BAEHACYALAAAAAA8ADwAAAb/QJNwSCwahxkK5gMZDCCfACVzrFqvWEKI6XxCvl1oiIAtm4eSgCYBcSwakox8LmksPJDEoNI5+4sEHw8QFRcTh4iJihMXARAPHxd/ZwweDxsWAoubnBYbDw4Sk1ccbBabGRcWGBUgIBUYFhcZmwd5C6NGAg4JFZqJElsDCQ/FxsYDBSEdiwEJH1S5JhJNFIoUHxHFEdwRCd8J3dwPER/WiQ0aGn2jBBEbDIkXBdvjD3pfYMT34A8FDYkYbEgg6Q+BBAV+HaoAbh8EEBY60EKUocMBEArqFQOhcIKggmYkRCiQqEPGcQkcnKPIgMFERA08aBsHgUCiDwnYYRGgYYNC/woztTmweahBgA8KujwpIOVXBwf8vo1ItGGAgDIfBsQ7dKDfgKkT0jwqFk6ctgcaAkg4REEDOW2nDmXQUAALhwcA2fYrsDWAtrJmA5MLoIkBvXErLyTAVYVBL0QduoE6dOFR4MtmB+W11I3ohAAPGFTxoEHhyQggDpUCjLk1twULwUFQCOVIhwcHEFV4G6FCAASsXQtHEMDvuNSHRjwgU+TDBkQHxRkTTl1yvXGGDm2oS0QCbkSHq4uvTjL5A50m1PxqwHu8e8wPVj4ksgeRIOoNq4NzDQkRhghDHJSdSOQVYCB1GnygoAbCMTNBBwQJEQIEiCzQXmu/SBCcWQBggP8IZ/CFgIgCGAjxgQf2XRgYABVAtqFZax0CImblTYBAXQJAANsEAgzQGlnIHQKhYMVAkJeMKpq1FQcaMEDBAHkphhmJFsToYmAILLDSh0mKE2UEB2AwQIwWdOkAJ0Oa5eAiM172AAeHMDAACFlNFIKZaG7omSJtChbAITxt8MUvu9HYwaFrPrjhAYhuhSR/QSoQwQAKIAJCl0peCV+LXPKH4iEZUWoppuI4mqabnD7646cTZDToQqR2Y+qL46Q6QZ+ZRVrOABNhECs3s/5oK67S/cljTwGMeUiZ1QW7aSLESgbnBHKC8GSUtGYqZLYPDBvrl5losGMGPlLnLKrQxrr/ZJMmnJiiuZqi22lrNd4oIYWH3AnvtsKm+6OHoJZowkFEESjcuX7625qDEII0gLEexdqBABRLuSnFFENFr38ADlEBvhNQEKs6JAs3AMnq/AhWqyB0990h4bW2H34zY/YcW+cVUcDNjLQ33XvwXafNkQYaQcDLE1zaTQUVeJDteKAwXe4DCCAiMkhEODAboHl8w6mFv/4o4meymfZBYwlADOE3VBflFtBonaM0N575KkoVCyRwpMhsQ8NjBX9VR44vPN6nTW6UJRACFh80iUiZbGtwjgQVuEUWkRrwUZRl2kw7wVzcXdEjzxOM0FACHjgoAAUVFNBEGAVUMEKGCFyH+TjMvJoB4QeJEMA5OQgcGWdLjlKGQFBoZXcIVMyZcUF/iAhQ+1vFKCC7BB0JIMEIFShAjGQevDQBVA1Mohhf6HzC2zYaKLDBBgowSFY/G2yZQQF659KBOsKXjr/Q+ZEOQm5HmSY0bxQZwAlhFNEBDBRgAMeI4AOSgYE9HQIDCBGNNIaQNwUQEBEMaAAHAuAKD4AgABxoQPEQMYKMLG6DRZAAVDbwQU7YcAT0+MDdYGiEeQwiABa0oZAwkJF/8BALHQDBMBSAAA5cgAHZY8AFOIAA76HmgEfEwgUcqAEntE8BYOziyQqAgfJlMRcMuEhVtrEBEBxAgzAMAgA7
13,626,Cementerio - Puerta Real,R0lGODlhPAA8ANUAAJaMatXRxKyjiP///764pOzq5KKYeuPg18nEs7StlPb18qSafNzYzaCWeMK8qM7Juriym6adgZyTc/Hw7Ofl3uDd1K2li8zGtvj49sC6pbewmsbBrru0npmZZt7b0PTy7+7t59POwK2chNfTxq2tjObe3u/m3sS+rJmPbdHNvrWtjP///wAAAAAAAAAAAAAAAAAAAAAAAAAAAAAAAAAAAAAAAAAAAAAAAAAAAAAAAAAAAAAAAAAAAAAAAAAAAAAAACH5BAEHACsALAAAAAA8ADwAAAb/wJVwSCwah4rDBSIwGAQaREVxrFqvWMqDuVhEBGBBpAt9ULDo9BCEiDQEhNBhgsEM7pjJIZCxNCIbBWqDRRQcEgIIFHeMjY53FAgCEhBnhGkTBBIWDHaPn58MCRIcE5dXAW8MnxgUDCkIJycIDwwUCp8ekyGnRhiHG56MEyEQERLIycoRGikgjwiUVL0rIGIHjgccBigSDd/g4d/IDRAVjhQREYKnFA0kH40UGshOBuRfYW7JTsgJi4wUjLI0qIAEDcIGbKh3D9EJBgUSYijAYIMFhshOJDxEEA2IBhoaFbCAol8DAtgaKfjwAZe8DA0kOEEhoECjQyDSYIhAQtiB/3sLYnKweecAAg1iuiyAguCAJxCaJCzwdo5RgggY0BiLd8cDsqkRPNyZICmZuG/dIiCYcKfCsaASVt1RwAzLCAkpBxzw1gBFAq4IuDWwR7gwNwMI7CiAUPJe1QEUJPCqokACAkYg7KEgAEkAisGGQ2sWkNJBYwNEB1yQ8KEKBwHCLt7bcOeuTNG4+0kIcCfaPdiMBEA4YlCuwtMbLjjwlrt5vwwIEChF4YBRBQkdhUAgwcggYX7Ow4PvB3BAggRFJsRlRC+8e/EJrEvIOUQSo73Ow+VWdhs3iscCnECEWowc0lwEFiQYgWhSJZDBgyTcg9tBjFywwBAFNADQBM5Rx/+Ib4Y9wBVmF3yD2zMDZGjJAwIwEsJpoqFQHoj2rAMKZEGFhsIDjFhwgXYZMAJBf9/VM0IjNN6TFygMEGmPBPHd4QB6GAjA2wA7gVYYBBuMMGJv/UEpjwMcIPClAFoW5tIIESSxAECRhYYdKDSiEMIwfUkAQJR3jCJnShQswIB0bA3Q5J90hhkACIxe8FlfWPWYpmZXfgCIBpEO8ACMTzKgwKcJJWmYOgnklWGMl2EpQAJgfOhkjeo0UJ2ruCVQh0iyyTnrABYsYIAFjJzwamGbITmsE3zicQKn3wV5x0ULAHuHsM1J4CyYtYZyrAScPYtIi3csVO21AySpjBNgJPD/2ADL6drjAph6sum4xtZ4wb3SBRVTA4UO4JWOqVZJAqF3MMBsYdbWi2wjaH6zAAp5xWkYCpVGcEIFb0Jy7JPk0pippgAgg0Kb8iGKo6cRXJnlfh2HueQIHGjgAIrhHssVm61pcG17E7b8ZLKgcCgnn1MK8YC0A6RwMMcK93PCjQNMkCuxPD774wruEDXBpAjvWq6TUFaQ0AAfpDCVr6ER9RFBC1xQ4MYGRHDeeU0YhowAHMgy5VRc98PnAwYQsQG4esHdEDn7nZsbCmI9K+AaEjRunuHvuSdmURKwM4QGfEqsG+WWM9RPXucZYdBjy9qzwQaa9F05t6tPd+1e2Qnx/xojVcpk2R0BiF55P3eqpjtwz2pQxQcSuH1HhmjNeoBnv3MTQUqpO1HeAxKYUkXv5V2Hlga4YBDYZ+F9FgyWHDS23vINpIAFpi4Z6g1YVU2wwTGIFykBICg+L1VMR8LDqtCwk2RVICZwIQCKMFCBDbBKKUtJwAbENpblSAUZxhmABhYwDSyAgBQigd49GpCB8sxlAhOIHyQcICFuCMCEmtAcGiLDgUZgwIK6scAGPAACiYDAAwi4yG2QkYGEaOIAl4hMAlR4gFGEyRsISpAFFgQefywJA/RA4ikKoA4T+ksDeXJOMhIguc6sgxorWIxlxlaAByRgKvxRxgIScIHUMHXiAQ1YIhqHEAJElJERH9jDBU7wIOgE4ABfss5F3LdHIkzgEGSEmiQHUIFRQIA+jSwEPQRQx0mK5GhQql0miVCADQTFAg4IAAXoYMMPUGAEDvDDAk4gw1FeQQuY8kIUFTQGuV1AlLZEwwcq8savJOAh2ttjEAAAOw==
21,606,Parque de las Ciencias - Centro - Estación Autobuses,R0lGODlhPAA8ANUAAPGBAPjDfP78+PWlOvznzfOQC/rctPe2YvSaIf/Mmf705/avUfSWGfKNB/i8bPziv/3t1/rTn/ScKPaqRPjIiP737/rYq/WgMPeMCP3w3ve+c/OSEPayVvvgvP////asSv769vrbsPeUIfaoQvjFgvWiM/nLjf3y5Pe9e/e0W/KLAPzdtfrWpv/erfe1a/eUCP/Wrfzlxv/m1vfOlP///wAAAAAAAAAAAAAAAAAAAAAAAAAAAAAAAAAAAAAAAAAAACH5BAEHADQALAAAAAA8ADwAAAb/QJpwSCwah5VVYHFhMCSLwKpyrFqv2BhlIXEiEJeLBOGEUmLYtHoI0SAKkpSpA1GA7iAFpGNKSQoIGhBrhEUxCyoSGjECHo6PkJACMRoSKgtohWoZKSoDESCRoqOOIBEDKikZmlczDRIsowoxERQaDg4aFBExCqMsEg0zrEYVCw0aoZAQJh8IDSrR0tENCB8mEJEVGg0LVMQ0EF8rkSsLG9Eb6hsF7QXrG9AbC+SQK1+DrDEbAyeQDxPSqYtW4EmJEl0KEGwXbcIDSCcGbMhEKEaDD8o8gHDQoMFAFRccsCBQAVIFAiwcXOiorqODjCA+NKCYBkKBD40cEbigYmCB/xQdtJ04URJShxQKB14gAOlDgXxYKiAYkNFAPAYKOTD1IKBDgA8XyDi58CFAh5wEOKho59HAIxADEHy74syXIxYdGahAEMJRhgCWCMKLF01CgAyOLCBQgbWBhUcKrGFx9dDRigYMJ/gCEQDdu8Gg0W0IEOpEwJb1PDwQZuUEskcE1qVy9MBS6NuyJVTutG6rB24nqnBRBmJlPA2OXHnEzbzjDEcc410gLoHDEQIqHkPvqU5DgAPLmYuPdyBAAAYDHTyyoIKAkQ8DHlmEB437+PHS6Md4NOBDEQjZPTJCePcV2NwE66kAFQ2V5NSBfeJ19JmBt6kQFFeKEMFAAI8cI/9eTyVMMMEFoonnBQKhXfLIeUPEUMBWEESIgAmIOSIAAZ0ROBgDGVRQQQg6rpONBwQUkAkJF+RkAoSDqTCCP6MQEEyKB8gXJDomPCIBBUJ8UKUjE1ypjgRFkVIkfdCMYJdqV170SAr+RfacBwqgV2EskK1Q2SMHcCfBBw5o98hqtzFQ1AwIKBACA5XNdxsCGT2gVyo5eRBBTyp8KQqhoc1EGwMhaMCjI5fe5iZ/3LX3yAqYahoJp6CpEIFfDGgwglyOkMCkbJpWQN+QHrDQqgDEVspmhSQ4ItUECEiQkwO7rnPBAdRyIJt6j0CrDgNhXDBAmbA2ia0AY2xwAZ/Rypb/X0ccPpJBp4YOKmamj5BoLroFerLfIxWUcCWutM2rKYlPPJsufRtkCUkMtoUG8LEpjjvGrUXp+mEJwHqwDUuPgjtvshojMIKoNZaKmwoYQRJCw7g9HC48stKqgQWMBoxbAyVUqkAKAEwj0GAui9lAZZJaIKcjdd68L226UOC00xo47HGhdiGqAA0TaBpmpx+QEokCUsvbKYKOHDCBEEg+QkG0KszptSMxghZ0ihTUS4IQLsI4oX5vP3KCw5U6CtqQRVK04SMyhTbBAow37njjH9zm+Ahcr8gAEQ4464gB0Xbk+eegC/15im45IoEDREDQQF+ODCAmhRQ2MMIjQC5I/8MIs9MGoeew38zxQHviboRFrHvggn0aaJDC6wY2kELydqrgAu0zHcFEThVM2UC7JvzeewMKB+DRK0WRu0AVGWwPmzv0etDBYr3vdWGfva3YwCpVdL80ewN9UNI2nrlPTzTwvw+kqngWMQEWmFWmSzFEAvWAgAMWowLMDKY+CHDAkFbQsJgpCwFniwoDRlApCxSgAQzoyAGG9CNbdWFbEhhZCIoCAfCgEDOC8sAIDKUGAjSAAwvr4AYOsCeuKCADGVCAsR5wgBIlYmkeOIZ71rAaDlSqAn1KFc5mBoGMaAQCFtCAv5ajwjJFcWiaWI2ajIIK+6QDDAMYQFjQsRa2eKriQkgb0AOIQYAnFNEDFpiAQpjXkrVMIIeqIcMUiaEAQQbAWEQiwQ7r47NojJAEvrFRAAqgGXAQoXsXQKQjTtCBGQTAAdQqzww6AKVIWGAlCvTkf44xAgtAsm+uHNACbCfLIQCkARcIQCZxiaOVOKSXWCCAA7AyrRnEoEfFIlYGYjCDA1ygIA5YJDLT8IAAMMsL3QqLFyYQgD1ukxgZSMkAUojCAYgEf7IMAgA7
25,612,Alquerías (C. Deportivo) - Rosaleda - Gran Capitán,R0lGODlhPAA8ANUAAACT33PL79bw+zCv573m9xmm5Uq66ovU8/L7/QCe42PF7s/t+Qae463f9YXQ8SGm5UO16QCb4e/5/Z7b9Fm/7Nbv+imt52rF7v///w+l5YzU8jq16eb2/LXi9sPo+Bur5gCh40i36aXe9Qic3nvO8FK+7JrX8yGs5nHI79zx+jGy6N/z/Amk5FzD7ZLV8rfk98nr+ZTW90m56/f7/oTW70m76ym15vf8/t7v/////wAAAAAAAAAAAAAAAAAAAAAAACH5BAEHADkALAAAAAA8ADwAAAb/wJxwSCwah5wGavNhMD4bVINzrFqvWA8p9MiwMoWP2Jt5hEgerHo9XFwKiU/p8BJIJLe8RPA6lD4RBRcLbIVFHhARHygeNxiPkJGRNx5vESFphmspBhEDEzOSoqOPMxMDESUpmlcHDCcToxweJiQXLS0XJCYeHKMTTRqsRhyJKAiSFQ4bGRHOz9AZGw4VkggXlxLDQgsFBS+SDSEJ5OXm5+UhHZId3oSsBAwqK5EEG9DQLGJiLOjkGwQirRjAIFMhAhEgOHqEQAG+CCcUTFggIZKEBRMUnHioABlDCAULLWAAIRKMjdBKgLO4YkXFSC9KnLMAIxLICmskFBiwEEMD/wYRQIBItaBUhyUfWCjVF6XDwgUlnA1l0ADSjAEFtGGBkMHXowlSA1XFkAJFgWfonhVAkeKRiLNCI8R6xCEDBCwHIgR81ADaBl8IUAANKrSw4cIRGBzDwOHes7EYXkRwYWVFBBSQYDgBSuHRiwcAEhwePRrAib1RnTEo+gjbiioyPoTCgABlhAuPNEglzXu0i0cOnZ3wOKOAgSMeIoiA1OIZgwsoKOzuTT0uBRSCnQBQAElEBBhGNliAhJDw0OnV0z8zHMEDJAt3iSxQDkmF+fT41avoHgHnEAUFLNTBfaTh09tDBh4WwToY3CAIERlg9sg9B7KwQQklbHAWgSB8cP/ChyCGCIeCJT1i1hAeJFATBhWQU2AGLnj1iAQiWHBfBi+R4gKHIAjwCAztCUHCB5A4wCMIFtAzyg2pObMfKY+YwGEEDkDyAQlCQFACJBSOloGSpNxgWwtQfjXlBpCUEEIOHDygAV39jBYBCQKZYIKMGOzozAGQLCDCn4CK4BBpLLx0wAMciMDCXgjxVs2PGQAAQAFgwlDOShhAIOmm6/HGaAYNKMBCW3ny+EFPNUDz2yMClEPqDUppCQEgRw5lwiMpKKYCjo8EwON4VpoDGZCKLFQBCTnO0ICNvM05ozQZnAocjxZuYO1mAGxZpDNolokAKgVy1+AHcJwAiXTNPiT/4YxwJIBbJBVU0BOLLirY2SMfkGPuI+hWF4EK7kEigWNyQVLBAPqu+Egict6LwQkJRLvQoNXxGYkHtkVggbXMQGNBTyRMKe4N5O76kq8HWsDajNjctykABIKpm5x0YiCBNKKSumOzKuSIwVvoWeDA0A5kcI6MRsp5K1ksXKAoo0cWIKMEFEj6ULePkGD1ZZFERdqnIrS5KgdxKrgcJAJoMMHabE+QAQN4TlCCDKsyZPRoLHilAaI5aFkfh9KWiS8AAQiOAQpnphnfkJCErKC4gpPszNmk6DZllfhimQMBKj7SomiIWRx5vuQosDIkHnRy5KOWGpRB4RMS+IEFtNdu/7vtmw12ggy4yIBSs1ijkAERCgTel5wIPoQ8NNQtCEkBCshH3yPg5md980/+HME7Q2wwAHn3dXp9uuHvhcEAGxiRHGTSqaaAAqmNL2cJF1ywWQRkuhWkEbMuJAGtXMOAkWqlHou1TBEvIZkMqpCCCMAOA5YqR/7agR78TIpB7XOGwhD3mioYKWDaewYEfCGBC5QDP864QEWKAQ3KIeQAWNCQjKQUFEUwqAIXaIYz0uIMQTyqAXCxFSQ4UID0YaEuKuiJCM5BgUchoAEX0BALClPECzTAIxWIn1AodwMVZGUNmjHAxR6ADwqYjy4pSAEH5kUACpzjBCDEQAhWc5AIGOCgJ1R7iAWcVgGPMKQCIriAjfDRghzdQAZ60UQ8/hKJDtgHQRk4Ae1OYDQEqQBTjFEBAwgwDBh444w/24A/RlkOCEDmEQRwxzbYdI8AzAsDCyDBBliQPGdYiASna5CvRrjKIRjpBJSLBAde4IIAtABDLQiAC16Ap+5sxAG9LIIAQvAvEbzScJC4gQjsIwMBRPMI9oBIABSGTRgEYCMQ4OQ3rQADACXgBBRwAQFckgc9pIAALqAAxKAHnnWugQABgMADlBKtfXiBBQ+AAAnU6U9NrCAjA6BlBFgwAIl0sJdBAAA7
33,600,Cenes de la Vega - Estación Autobuses,R0lGODlhPAA8ANUAAOIAa/SeyupCl/vU6OYYf/Bvsf73+/e+3O1Vo+UJeugpi/KKv/3o8/nK4u9lrPav1OkykOUHduYQfOxKnPGFvOchhfOOwuQAc/72+vzg7vrW6Pas0etEmvB6tu1apfjE3v///+gkie9rrugvjfe11/zm8fSayPfe5uxRn/3w9+k5kuYag+MAbvWlzutBl+5gqPe62fnO5PSUxfB0tOYUgO+EtfeMvfrc6////wAAAAAAAAAAAAAAAAAAAAAAAAAAACH5BAEHADgALAAAAAA8ADwAAAb/QJxwSCwah4xHZxKS0EKTDolxrFqv2AZlUpFICBWFokLwQikNrHo9HBRWkRBiAdMwMHgMQwNbIEIRKzMabIVFHxMXFQUfBiCPkJGRBh8FFRcTaYZrGQgXEAEYkqOkjxgBIxceGZtXMnEBpAwfARQFDg4FFAEfDKQBFREyrUYpKBcFKZIaCwIEF9DR0gQcCxqSKSIXKCnEQhpkJJIPEwksLAnpCRHsEeoJ0AkT4pEkYIStHwkQGZEHLvHSRXsyYkQIGhGiCbwg4EOkDBASaCrUIAIHUY9SOAgITYGDFjGUQWIQo4WDEBwviMAIIoWACBPVaEjAwdGjGArQwYuAAAa2/xJAJZFAkDAdixEDIBkQkODGmhQVILB8AE9CQhQxHhkgMYODgjJfFHDoAMNmjGMXJKSl13JEhW5YJhAoAakFNLUrNjy6MeOSwnfRKszoB2LDM6sR9D7KQGMCFhMXfD56cJeFALoYZkhg4e6dZ3UsJHQQVcJFaHZsSVwwYaVEhAKQYoD28OhACJ2fc4MO4RAEgtMRrj0SEaFEFQQVMKZQcCEdbBAy7uqevtDEIwfsLoxQvgLBkRgXWkASETqBhBkzXlxgR709vBcdCkgw+hxEgAsxjEyAAOlDc3V/uedegPA0AMkIjhFxQ3iQAESdNALCQyBgHEByn1ND9GWTarqFNv8CBxyosEJAuaHzYYh+5XbBAaYIQgQBM0CSyGcXhGDBDZGkAMML7MwH4AoL4AhJCgdgF4GPAqEwHgFDVNTbDZ0Bxk0pIMCAUI8XcOBLKR/AEWU6hPmnCQUh2LQAbgKpQCUkB7QTwQg2UdnAZyxYoFUFFAgxAQKQCPDfOwZCgsEBJBAGyTHwSKYVoUJCoh5gExzqGFR2gsAADZ5doCYkDfgVwQKRWHDOCJFowBw0HUQSAJoJrCDSAm+RIIFk/nnGQqqQcICmSCCYcI4DkfwGoKEb/KlOoLKS0IEEQq762QQWRGvBiNAAAEGcHXDGgbQW+HUBACHwSgGrDIKggWgTuPr/SLYlnsOZAiqoIIKhBgBilbuchRCvA42CMMKX5lDwyKVMlDmcsSWCukwiSAKIayQ3eEJjjC1VEAIBCtj0KHUsCCyJCVVNPEoLajUMjwhaHURDxo9sPF3HpJSgAMDwUCwJAxAgfAGwINT7hMEgaEMjhFFBgECgtTUnTXNFo9DbTQBfQDEGFqcrErvvSCAAiF4tlJahIMzsAtcjeH2BcI/k/A7MlhIQBbOP+OpZCJHIgCYL4jUoQZwt3C1DJIgCmPe5UkjAIgi1vkMDrw1wBpqiIKgQgaEakAiAYo/MCCCyEpBA6cCYAvY0CBRIiEwkGKzAAlsgWKAWNA7EGfaX6oIA/2s3E9D2iIMAviBJBiSQ0C8Idm0jSQkw1CEJDMZmCQkCCZJp07ifsV4KA8EklPeay31Z55154lBRoBrQnADmpAyQihfsxELlDSqk5ZmQH8A0BIy5IgwPCp6j3oB8afGCVTDxgC1ppQGakR+AIvWIAjBpCAUA2gNYtZAVqAAFKOAAIPRXwQtmEBAUTNSdCkCEymEuftNZmoBUqCIX1OVsRQgRm5pHogilsIYXeBoEOGCEBlwAcy8ojwREIAKJ2VA3F0BAAUTgIxbwjHgXiMkQmGCTFKAkHRRbgHSOuJBKFSA7ChAJ1VBQhQxE4GEVYYcTH0GCCoSwPSyogGSCqI6sPP9iBpOzggVyCIliqXECvsiGOcxHpwQkw1K6EsgDIMG8YVyBAysw4H3Sogh6aEAE1Kqh6VYgAuG0MS3ag0QJqKGGFBBABXxLyOs8IJwUPEAELuiCACvgAhE8QCQa8MBdmoM5A6iAAHDBwgAioKT+uFEgCXjB6AxQghvcoASyO8AL4GGUECANBBOIwAAKcYBtxCkF6vkPNEZQgA1ogCUt0cAGCpAKcV7gBbwyQCI+sIk2ucCAICCBCs7htVYpAAIQUMAKTLcQFUCuBJI7ADFiAIbD9fEl/ARMgKIhAPSB4AArWEF+vMEADpxRdiCIQQdU8LqlRUMCKqCAHQWFRy15gwh/WlSARRcDAxl0wAEe8IADOiADGNBlFBtgjgVeagQNJEIFGwDpmoAaPxRgiKhG+McFFNCBlS71EQ3oAHMEoFCoXqEBDkCIAl5ggg9kgFctycAHZPCCmRHAARv16hoO0IFYOiEMBRkDDSRQAQF0oKtybUUGTAKB10kAAh9hBVSDAAA7
C5,617,Neptuno - Centro,R0lGODlhPAA8ANUAALwgIdqDhPvx8eu9vcpNTsU+P9Nra+SkpfXe3sI0Ns5eX/DOzt6TlNZ3ePfm5uewscdGR8AvMP///8xVVvLW1sIyM/nv78VBQuCYmd2NjcArLe7Gxth/gNRvcMQ6O+q5uuatrstSUv34+PfW1r4nKPfe5tmDg+Kgoc1ZWs5KUsxmZu/O1shKSt6MlNVyc9d7e+Gcne7Jyui1te+9xd6EjOalreq8vP///wAAAAAAAAAAAAAAAAAAAAAAAAAAAAAAACH5BAEHADcALAAAAAA8ADwAAAb/wJtwSCwah5YBwxC6XEIGxsZyrFqv2AXMQHCyCKEwy0nowCjYtHqIyEASocZhg7CI7iILYnNohBIQGQhrhEULHRUEGQsiEo6PkJAiCxkEFR0LhWsODRUKMo2RoqMSIg8oFS8OmlcHcDKjFgsPMBkBARkwMgsWozIECSCsRgIdCRmhjwgnBm8Rz9DPgAYnCJECGQkdAsNCCCwsG5EbHR4aFR4FBR7s7ekeFRoeHeKQGxAEg6wLHgoOkAtUPFOX4JkHCCFQoAgBwYNBdRUqqFgAyYECD5kKLbiUTESAiOoiVJgQQAYFAZAEUJARIATIAhFpdDSQIKMaBPMgUZigIaSH/xf1Hglw4AClvQYO1WmYQAGSAQ/6sAiAoCDZAHgXEiRoYK3UhiUMnSCMsiEUBRcRElxAF1SEAhbcsBhg0cuRDHQFIrAY4MhBpQoi3bEDHIEAg38SbLCIsK7Ch0cOIHTA4oqiowF4NRjoJSJDAXnqQosOba4Ag0YOVPSEFzRGBWFVHFRg8IgCu88vHMUgAHq079EaQlh+0TMB1EfZVh3pECKUCJcFjjmqofW39dFaQTiikQDmBOcEGhzZyNdRgJ7qMjDggPe6e3UeEnBg4FlphkcfKqApokLBo42iEfbegKEJWKBlEihgQBEIVGDDIypUQOCEBEqEXwVR3UBDc45swP+YdQ5Fk9Z1gpU4WgT1iKAIEaY9YoCEvjnEAgcgzDCDDBko8BKFvl2C3AVD8NOUBDj91t0JRo2jwIchBUDUk1AShUJ3onVFQQL7YTDBIyegJ1oCBAxJigQ0MBkBLGMmSKVSBzwSAgxCGMCBi2vCd0FXaUrAwYdY5qlAnRUY8MgLC1rAgnYSWNDQiWj+BwMGNiQjwVTsQFCXBA4goOmmCEwp2kFGHUCABR9cYBmAX/oHSQDRKHCpBBmkhQJk67TjXk26XTBABhcgBgKTISHqCAgkiEbCfY94GEEDjwwAwAUTTADBQ75F8IAjCFzAwFtGYQDsOnhKMEGdBUBgwrkmlBP/AQZcYoCYBeR8GxK7k7JgwBOhsPopAckUWS003UXwoCNJQuJttcg+B8ysjuz5JcOOLEAuiGI6IqkjiJxowiMTRAexw6ElALEEEv9WIgH2KEDABMKSDGNoEWzsSMf4mgesB/wqk86ALDDgs2cRxKdBUAKwsHNICYdAALeOMPDtcRzXmYA/Tz6gFQBYFwtzAJB4CjO9RRtAQ6/DfhtBywdorQ4J9A6rWQNw/xmaBlxzfHRe12KqbamWuYadqo+YEI0KBbtAQgyQOQSPBog7YsEFd+MqQQy6OnCo45Cf+BgkMWDAwOaJa9D25CqwgEKjiX1rqSMH0HWDCnM6ogK5ByGW/6cL6OQsiShyFyioI4QKoeUjMHhZYAjhjhJrSLGPqa9oGpzgJpw3CInt3SFfUMPFjlDQAbARdFBxbQbIC/WVNhXQ9osmRxBCBrsswEc5LxfogQoZHAACCBmoAE+PHXgEA4A0hJY0S16kkYZWAnOdgkRjYiFJ0fuI0KDyJKh+PMpggVRwoQy9joO6qV9EMKjBAu0IJghSkBHIEzgvZSADL2hPCSHyghfOrW6J0c9yvkMwYESHNhI4wAl5pJU2wao7FQiBUZ7jgthUoG22SYcGZLYBFvSGQhogQOM4sBoPiIkBFVDOESrzCBsE7TPbmFQGzIE9k8kjAyixgAFWUwELSv/sAFgo3aUecMbC1KMNi0lLiRzIAkF0iACMgUejDLUgLChKBcn4QHyykoAXdEUAu1JBF5xwAQLgbwChQEAMK5AVD1jQLRCICxau5AKA8CYkBeAAgkphAaLYASAcSMpnQlAxY3jwCq5xQTIEwB4YySoDNkCApESAABtkYErGgUkFTJAkESDCJmuIQQJU8KoNLAlGDvQACyagAAVMwGjSgEgEFNA4x/0Jm4SgAD5mmZinCBI+WtHKbaITNANYUDfg+CUh5JiA00SCAhhQwVpEBA1SquAMkRABAxKwmW4Q4QQjGVgkHBADEDAgABzgQAAYAIIY2A4SH3AJHi3KIEQoIFJYeRqTCD6gIxcIlKU3iMGLQsCA8eWJAgxwiQHgiVMjUCAAkJsAjRZQlGE6YAEg4MAEPHABGuynqGpYwBLGgI+ELGST9sIAUbG6CRnQQAGUvIACMvABMVo0CAA7
C30,618,Alhambra - Centro,R0lGODlhPAA8ANUAAOc7WfOdrfvd4utWcO56jffAyv///+lRa/CLnfWuu+xof/nT2f3u8OlMaPGUpOpVcPSmtO5yh+xfd/73+O+DlfjJ0uhIY/a2wvrc4fKZqPzk6Opac+99kf3y9O1sg+hEYfnX3fSrt+50ivOisPzp7fazvva8xvCHmvrg5ffFzutac+xje+dAXf/e5vKcq+teePjO1v///wAAAAAAAAAAAAAAAAAAAAAAAAAAAAAAAAAAAAAAAAAAAAAAAAAAAAAAACH5BAEHADEALAAAAAA8ADwAAAb/wJhwSCwah53KiKJQqRScUaVzrFqvWFCIsxoMXqvwSuJdcUIgrHo9RAUkjdUpBEMxJvgJQwNLnFYNLy4obIVFIBQWKxkLEwaPkJGSCy6AHGmGayQIDR4mjpKhogYTJhENJxqZVyUHKyaiHSAmEBkODhkQJgsMogWAJatGHRQNGaCQGgkcLw0Wz9DPDSpnKJITLg0UVMIxKBISMJIVFAfPB+jp6ujOBxwVkjAvL4SrIAcRJJELBM8PD+YsHHjiwUOTgAf+NWhAYEEkBiIOLMgEogEHZBMcLPz3TIEDEwI6ROogoIADBRsfLHSAzECxiWw0uIskQMEHjgdOiBvJgIHI/0gwTpj790EBhkjF6mHp8CICsgoHGgwwd0IAJBgBODRx8oRAgAqgUJxYOKDBgRSRRKjgdoVZr0cFyFp4gdYAiQCALJhd50yRCw2PUkiwMLVBAUgMJHDAUqKBw0cVzA6wQKDXhAAPBP7bzHnz0ACOGPRTWNfAggYJrDBoEACSAHSTETxaYDNh59udP6zYieDD1ANHH41oQKIKhRWgJqBUmeHRBbK4o3NeWOJRNpXIIUE5gsFCaQe+vbhwwcm29PMKEQQI4GXABweQUljARIRDBEinp/tDz5/jfo6PGSACAUVo4B0kIjTQ34L9NSBCfA0oFUMGK0BSgQUMZoieBfA84v8RESq09ggHCmpo4m0WQTLCAEPcE5xMnSEUlWa4LWSjdDaW6Jk1BrwGEwQKQBIChpvN5UIFGGBQAV5EbraQByeccBx0RUpAAQLHCdSeBRBA4sEIQnAg2yME6GiBAz+NFIBZHBEAQiQTpIBSew1AkOYEJQCkEAGQOEBgBxJUZwADKthmwQijPFIChimKwsAKCVlwgSgLoLPZWxdIwEAFAzyWn0p8QoJCCSXw+EgiBwAWWAnBGXDBMxQkk0CAIxDZwE4LDFBAABuo+qpCAcb1wQeG4cdCqAY4wMKwO1XUQIcauPcBLINuOaldG/gpwU+1AuQBYmUptAIKKPDhYAUVpKD/wjMs1HXhWsL51sB9ZCp46CMTSBCBBAqA4gCGFoxpgAlNAqSOF9A8gEtpFHxAr0slSgBKBgDD56EKDwT5CAIAIypcwehh5AILjRpQ5j8qvAUBwAJ7oKDGBnCcmccGdDvdjZ1pgAwDJ7AQa70ovzVkZi03wK+/FUNCcGcUNE3Bb7CFwYE+BnTwwIMjlghvzUlfTMAL3DL67SMM6KnSwyQ0UAIIIKyMDgsWm6wC0gDBPNbM+OrLq6+2vulcA8M+qzQAO2lgIwDNjfiBVQZUQDLikECa2bUkZJtCp7OVWLIBGIQQgqkCsuACJAUQEAGa+K7wAc0heIDAT/Ip1KyugApK/6ihXSaagJaqijLkAQP0Dudy/2CqaQxiQnIyR8eIAoFkcfgtSQiaKwD6oP144WCfBMYApJAFKzJCHSgs0HrBC1FQAgwwpDCCBzSqNEAGKSyQQgDNbJm7AV8K4eIjKDDPP8yxFwLWSBrtwA0CtbSjR/hoCCGCBIlOREEncUBFLBoChSwEsgpmiEPacQARUNCA0iTIgyaaF4QkhLyHLQB9/0FhXzhjgQANyAggONAjwNOeDASgPDJUD3u88J74zOcIx0nOcozxN6mciDrWUVAckLGdI6RNRD2CzQfGtADVCbA/uuHNTdDRquEUpwqNCVBkgEcZy2AmftIZigtCwwFblf/mNKlpi6ZIJxe6PEIDTNLLOmbkF1VVYDCFodagJNC9KwDKKfGJSmFOwKMJLIkAW3HCCghwpLCMRSpmKY2A1rIGmVwQEhiwCU50IokOkIAEaXoEDBAwlMwYBSkRKkRFLgKJjKRELx4pQEhGgoICZMBlmmsAS3AJE13i4y2z6QeREPICBRREAS9AiEIsIIKdkC0izTQECubhTchwQEaDtJRKBPKOeLxAAgLoRgyIYYyWGAAFISCACvoSDWmogACfu8aaOMAWeTZmBYcJBQMWQAtb4AICF+CFL1CSR3kSgQRjicAnEsVRUhTgFBRQhUWPAII6rsAFjehoJEBQCYuEc6RBR0CBC5qhgBMkAAYa6EAeJtABPiQAAQoYSAbiCVM2tI0LA9gAGBTA1BdsYABmgAB9ipqJTWWlCw/YZABSwACYBgEAOw==
C31,619,Albaicín - Centro,R0lGODlhPAA8ANUAANRBAPHDrt92R/vt5+eYdNhWHfbZzdthKuyrjuWMZP///9dQE/PKt/ji2N5sOu61nOKAVOmggP318eaSbNpbI9hTGfXSw9ZMENxlMfnp4u+9puF8UPff1d5rQuOCVv349t1oNOaWcu2vk+ulhvLHteB6TNteJ/zx7ffc0NVICeice+WPaeKDWPTOvfC/qtlaIe2yl99zQvnm3vrt5/XVxtVFBuuoi9ldJuqkhOOEWu+1pf///wAAAAAAAAAAAAAAACH5BAEHADsALAAAAAA8ADwAAAb/wJ1wSCwahxkXQWBaLG4CQiBzrFqvWMtog6HcMI6wA2OiYDYjGnbNHqIIlIpj9aBlJB+FXpKxPFYOFTcEKG2GRRYbCw44KHqPkJF6BjggCxtqh2wNOQsCAXmSoqIBAgs5MppXIosBojN+OCErKyE4DxYzpA4LMKpGAxsVOKGPKDYlNwsXzM3NNyU2HJEfERUQJ79CKCYYFpEBwhcLBeUFFejpLy/L1ySRFhgHHL8WCyUnkC0CzOsVzAUOOIgRw8GBAswqrFsmoAWkAQIqZDJk4UKOYicmjFs3LoYKEg2KKZDQIIAKXuQKOJkgAVKniWtQnIJkAEQKjgUm0Ig0Q4aM/wEiLaxAuC4FCAMuK9BbcwJasQDoXlRYsKLBHhIqSmC4se4FiBIfQzVI4IRdgXePBBzIhoVLPj0aLii8AMKhggYEDjBbUMFcuWUXDqiwqoABhgtSF7h4NOAABCysduoJcKFcChb5ThBAqLCrZ8//CqhoeQLCTYRoFdDoZSXDghGPDERNMUFPCwwpCnzevTsFBrsrbqJzpCfCAipHPDgIJcESuwh6WC3gTf2zExh6VExfAKKlgg8gchyhcYHBowk316lQQVZ39ffrVCZY3zUFgUckLhgwUqLEo4qeAQbfgF0JWKBkCgiwQREcLJCaKQRGSOA9jwSwQANEhODAIwwgJv/hh+9dYJcCIKhAxAuw6QHBdCC2uNsFHjwSAQVD0KCUHg1EtdsyKQHEm0pOkENdM54VQBgKFey3wwgb6oGAh6BdUgcHBmiQw1SfBebBBBOU8AKUXZnAZQKepSDCIw7YIMQGtemhyGcVmOCKJAbE4GE5IrylhwzaufdCCjnoMYNflzyywmONPaDHADf4KRUF04wiQQzbpRYJK/+kMA+OfgX01gMYnBAABZLZk+WcepAgAiiPcPBPAo80AIML3pEIwgoiDBBrOQfqYQEFJBBwQwZ6PACmJ498wEIKzMZQaw4A2CVDAcxC8EgJ90XSAK8cabAnBREIgIF3OIB5AXbR1VD/Hw4NtBtCCggEEMC7F9QQA5oqSLKtnxfYoMcJB2xgwnJ6EHAsghB21Sk7zQigAgK6KGCPA1xO8Na+XV2Q73cgYCDHeWC+IIMeH3j8mTlZQmcMBXztRexd3H4ZAppSNamARp+N/J3JXf2TkGcXhIDHIy1QYA4FL2PM0cx6OPDCwKEYHCDCLNacwNUxpIOOCd2cqYcNUCYds8YkgwCCuN6NYC66Coig7jo1oBoCBijUzQuQhJm6jtj8+qsAwBCoMKweOhwrQLLLMrtBMWE8QgAA7bys9wt8Z+ytAjLcEMGopVbNEaoKqAp6C5XpLEFWEJgXXdic+rlAqRQwMAAGiv5t/4KjFUA6yt8g/LPC7ifwTHnr5qylBwyh7rDB7256LpWcoqBAKUcE6Bnb9F15N6g5C1irRwKPLWkzAulFucGUBriQgEpAY0CABi0wAMOVnXWVAJc5lOk1iQgIYSNxOapfgMZRDh/ByRkGDFCQiqQz2ShpBxTAwSM84DwXtcgiMroBEQgAglB0yIIg/JJdwGOiITTgAqgqQQVDOKBCTeYCqSDCBg6nB/IArR8s5AgOF4IUPcQgfEQwwAVSQ4DyRSACExASCFUyARyooD4bUwBlCmGEHHRwD7xgx8YeUBYXOaF2BNgOwTiWgCq4RmUKQAGvUsA8C9jEUQOiFggkkwDh3P8oOwsYgBW4+A09MIAvf9qArqrxJwFSpwI3iUAegiGcBYyoBQt4ABYgcABd6cEFgLwABtAigwgcZhx9IRQzQBCBl5FAL4lB1QwOwAKmHEAAxSAB+14VqQ+0IAIQMAgFKCAQCESgBaFAQQLkYhbVfScG49pEBVgACRQ4ID2VScCI/jWDGVhPAS1IwD+K4oBIqagAMWTDalhQDAmEkUXMcAABXMAB650ABS7QkBP+sgACFOMDEEiSJmwkAEv6qgQAKaBcDgACMZjAZ51hBiYgMYMYFOCBh2gABn4TCQZ4ACEpKYfWOqOSyuTAmLY5AAYwpI0TsGABKhDJXUSwgQMABoGc43CMCAjziNOdQgLaIAIXQbAYSZyABhqwgQpCEAIV2EADNLjmJXsnyZwWIQPDjIELVLo7SXzABXZKAHKcagQDsIAuKqABVUfxARqoAAQWgShXj9AAFRygAiBIAAxaIIMTfOCuHzhBA1ogggT07gARIOla2WAABHigC7w0m9kO4AUQeAABah2sIU7AABx4AAQ3uAEIWIADBrDFqUEAADs=
C32,620,Alhambra - Albaicín,R0lGODlhPAA8ANUAALqOAN/LfPz58c6vOvDnxcKaA9W6U+ncp8WgFvjz4NzFbePSjsupKe3htcSeD/Tt0f///9K2SsCYAPbw3OLQi93GcsilIe/lvti/Y9CzQv38982tMurerebXnPr47sOcCPXv1tS4T8uqK+DNgt7JeuverfHpysqnJMahFL2cCPz69tnCZta9Wc61OuPQjMejGvj159O2SujZouXVlda1QvLrzr6UAO/mtd69Y97FY////wAAAAAAAAAAAAAAAAAAACH5BAEHADoALAAAAAA8ADwAAAb/QJ1wSCwah4nDaoCSSFCblSxxrFqv2EsgY3GgLIwww4JyWDKkC3bNHtZWiA8DM7skBBqIXpAgzDAiHwgrJm2GRRcZEgwkJnqPkJF6NQEMEhlqh2wTIRIDB3mSoqIcAxIxIJpXCwUMB6IwFzMkKywsKyR1MKIlIhIUqkYwEQUkoY8PIxlNTs3OKAMjNZEaAR8ZMMFCDy8vF5ElGR9OH+UfBegF5uNOGRyRFxYIhaoXBQO7jxemEubkLyI2bBDxgp0EBw6cDGgACUaGApkMXTh1TAAGJwidiFDAAYQASAJAcKiwAV05Jxg8QDIgIeKaBwViQDLBwEbGDxi+NZwwAcYx/wgEMCREaOMEgZUFarDx8GLAsRLjHKBjAWJPCQVcyiA8o6DERwggLh7s9+rRsmxYMrzIB0EGRgkWGIJV8KLZupNOXiioCqHBiYPjOjzycAbLgpaPSvT7YCPCLgEV2CGcTHnyuA8KVHqIYXNcWaAFgFVJUOxRDXM2MOiJZ+ND5devbcTVs6LzB0d6AkiYUCXEiVACLEmtoOfwQdjIKaOjoIdEAakWVELQwCDCERMS3tG2iVCBAhb9kounLIFFhQqTUz9q0NJIhg2PCITPiHG8ffrHM+qEMGBAERASfGbKfQTe50liEjxAhAK/6cFegRCOJ0EJjzCwAhEIkPBIDPlZZv9OhAVe8kgADgxBQAG4gVCOcup0k1CHljkzX2UFOOOaZQ/o8cAHmYzQIAQUcJfRBjOA4IEHExzAYYcSIMDCCC6QEMNQk6EzQAUuuMBCXemN8IgIJAgRAQtm5SeBl6Q4cKMEGLClBwgcIlTACxRC4kEFxxWQwSMYZKADYQvo4UEcJzE3ClAnkTnKAOo4kKMoeE6WzwwWJFCCAzqdmNGe660gBSQV2JSAoAFgIMMjHDgRwCMJdLCfAAWNk6kDMlSAwgR6dHAcYnrMYMOvNhCnxwQi6hECABIAUBZ2Cb6Jwq8zlJlQtBAkgMIKakk3wkEF/AiDmh/KUEIJMsgxwggBMMP/Kwc2vDCiTTaEsOFYGkIA6wYWWBCKAmPJq4dilTmjpl0uyMAXDIwisMAMMzCKjlwQnHDSChWWwUAoK4ylWq8wiqfCIxqEip8TCHyma0aKQiDCcxfTpvEjM8Ao8F0NPPAVBNtWWUCbia3D5pcF5PsxBPwmxClQMJJwLgledFNGOd48InFCs+mhQgXoTCYBxXowgEIEL2gLGArSQbDBrvDpAYMEMhx5wHE2GDCvJ2w1UNONGdUL6wAk3KqHWxlRC8EDlkjwwlG5AiAYBDAgACyaEGRQlHQesACADXYFroe1CjSAqR6aqhk2yBdccLPZ8T4CQgUrdKBBHh48W2e1MjRg/7vtITzHKwEOHACooLEaPbQo/J6jnSgYFPWTJHh+gMKkFmQz5iMRmLnBfqyCh1A5C5wOwQTglXeoHngWC0GfQvgYigtCvpjBCDIcsAALTVA2zglPUkBCBEN9IAIGAAygAAHBGMgxIABCMAGKhrUi8sgIb/Z7YIxkREE18eU0BBgCAoQFgU6A6IMBi8Aj+kaECuhrNR0DIYQkALETXGgIxDqVHhShwg8eSA+pSgURYpA2pOGtGTV0IJP2MwA/FaEGAXqEAoRUARJcBIIgGgcGSMA0onANAorJoBEMYIGhqcAXUlFAr7L2QXRQC2sJYcBXNHCCGFQBBgXg4AOk4gAbKP/qAneDEGNOoBMW2GYazSkAFaoQs/00IGuX2IUKmGaD54yHMQ6owEcc0pkJ6aMAC8BCDBDAlgMg8gXaSQAJLGAjnznBAhXAFRZJOTAZMu4FRryCACywgeF5jlsFMAAgNdCA/THgBQhBAAMyUIEGhOIBLBnLB2angQGEjQ0qysAxaiCC1lzGABATFAxgULbVsCAqdWQAbvQQgw8oqA0KzMDwVMCvXS1CCjXopgdqIIMVFA4vK7iZBmJQAC0aggAf2MCo9KGIxRgEAScQgULjAMQXDQB7CPuAPw8BAgu8IJt9KSc57sJRckRgdqvpxjmD4YHcKcB7IKCAWijoDARkgAKOfHnE1WLiAW0QYQYfOIErG0KADoxAAZ5SwAg6QAA3PeIAJ8CkTY2QAPBsQAbDG58oVCADUxiAN0u9DodQSYDlHUoDBKjAXyIw0aweYXUv6JYBXNAAI6ngrSrwAAguML+kvqACIzXrGkwwggicAAUoeMEJBnuCFwC2jSMoq14N4YFexuCvDmgjCRqAlqUGAQA7
C34,621,Sacromonte - Centro,R0lGODlhPAA8ANUAAEWNZKjKtmaigPj7+dzp4Yq3ncXcz1qadXmtj+zz75rBq1yceNPk2lSWcbXSwYOzl+Tv6GGee3Opio+7oqHFsFCUbc3g1vb597zWx67NvN/s5X+xlFqUc/H29EqQaJS9poa1m+jw7P///5zDrWShfnyvkrPQv8DYy2ulhNHj2HSqi7jUxJS9rd7q46THs8Xe1qrLuO718dfm3sLZzEiPZk2Ta466oP///wAAAAAAAAAAAAAAAAAAAAAAAAAAAAAAACH5BAEHADcALAAAAAA8ADwAAAb/wJtwSCwah6GZAhFpNCIIxSxxrFqvWIZrI1hEBJKwRBD5bgIMrHo9JCgiB8lnxQhdLqL8JcRYfSQHEQotbIVFDBsNEgEEeY6PkHkELigND2mGaxAgDSUGkaChIgYIDSAQmVcZip+RCSkrLgoTEwouKykJoAYSDSapRjEbBwEDkC0BJU0VzM3NESUBLZEulh3AQgQkJAyQBsMVDQfj5OXjDRUHG62ODAIkhKkpnR2PFgjhCwvo6WAICGMOMCOHDkGKRzFKNMBUiEGFAo86fMi3IJwKCgYgGHM0AIIBCr3EHXDyAY+jAgsLtWgA0ZEMFBX0xfwgA1KMECFibMwj40NF/301UNQ82UDDmg7QHs0Yua/BBwh6DIwogSKCvggoSowwYBLCBCdN2YkoQeIaFi718mBIJxCFhTwQFAhgJrIcPwEKoIqwAFNfAwyOOgjYgGXV0FFsa4Co10GBwAP6IkuWnG4Eng4PavhlJ8OXlRANAjgiQK7GhzwWBNSAPLn15BoC3or4oFlfozwBGoSo8kDCxguV9rnIYwKs6+OSnZjIQ6HBPhQmRaAAcaSz7Nm1F4wY8ZU18u9+J1AYEdm0IwMNZBgpUaJdzMj8wMuHzyx5tzwICBPR0OB6qfkAztcAAucVRYQCEjhiwXsBNohcBdehoAARC4iWxwPOOahha5Y44v9CBEPIcMA0IkDgXWQDjZTOcU60CF6LJ+rVwgHq3RBAgnlkwGBFKASQAgQQWEDJjvscUMIHHxRQSYauIcAeIONUkIEjiwixwWl5JAIfBTs5ckFz8BWgwSMDGBDcaxQ4spZfGzjyAWEJCLBCHjHAEeWUopgQUwM2hBLniRU88MgKDEaQ1goCdGDAAkMxkCFLj7Rgggl6XRiTLiIMcIIJJIqgJ3wopJUHofDdx0AEBrwRgloMjjlqAzXU0AA7FtDQkgg20CDrUPNINuYFhzJYAWAihBABBQgIYFIAexKYRwh2SaDBtBZYYoABGFTEzEEizPBeBa2IOaqwFl4wGFYbKRD/UwUjOLJCdguYEyUzEYzgArciaFkDDLhVsKoIpMqkgCMoCBCHm+viKQIFRCJHApkfeBBBBX3uFdO/AVeEpQhQ4jhbwo4wPFmLTOpDQgg7JVBADSoYo8EBq/3rAA3kVLAxICSgkO667Y4KbwQ2BF1AvOUIIAAImMbQwHAlpiCDDBslwIACzrFLsAAlKNvvPs4WW04FbcJVwQkETMIWAGnmIUHPouhYUbmDjRDBv2vq4yrAsK52nwgOADCUBnQBYKF0abe9LrHGYhSBqY/eKoKkJvybhwoeDD7DBghQYBJSKBTgeQEgTLCRBRtAmV4epxoQg5x5IFWzwqAwGwimoDQ3/1KLFURgUt/klJWHA4necKUjWvqleSQDVOOXBLeRmZtrKDhywnsd5vHBA0Lc6IjbKPb4IwQpwCDBjuIUsIIFKXzUl2skZOCAAzZkKCWVMAghIokmtpYiOifS50z/k2lGyfRCGgIMIQJMEwGGNsRA+IDAQyAawgh0hpqGNTBAECLYCIgAgVk5QiEX1FAnCoQKImDOJSWLTwj9Uh/4HAYB2CsCATyYBwVkhwIu+IA4QugUF1CgPAPLA3oMaAQQUFAEwHFOA3q2AuOIsAFzEsEIlOibPAygc1VIwNIcMaNx1GACqEPBahwUlPtMoFUeagAVquCAhShIJIGKQaZ+uCL5xP/EBcYQBvWu46gVYOEBJJBjHmYAlgoIoBUhoEAlwiEvfqCAAv8ywFz8MgNHxIAEMbxCB0iAgJ0YgCn7sIGrBmABCjwABSQoA1Ye4AILbEQD8VPiAa4zgGRdQBMHeOBoxCiTA0wAX61LQAJElYcUTEAgQJFApxR4gBKuoTMg2MkFqCa/CkhAChogZgc0oISQ+KUBCtjJADBUo0KICAG0EwEDStBCbR0gZypQASoFwpbblWBvIkgAAmgEDA0YDZh7eYBA6iIvgqQDBNcpJgkE4MxUdIATXIIEBDKwARLwwxl0wWQGKmXF5iwGG0RoIwoqGYkOyAADMNjOdmCAARkQU3pjlfAjSIsQApQgYAZdEgUoNKUCPu1mptXhxCOhplNIyECRpignUKugAQqQ4AAomIAJftSBAVh1AB0AnwlsgIJ3UsAoS2WDDDJwyjIIAAVoLVgZUPCADBAxrA4VUllX2UqzzDQIADs=
C35,622,Cementerio - Barranco Abogado - Centro,R0lGODlhPAA8AOYAAAB8zI3M6jqn3Of1+xiQ1Lff82K44wCM0tLq96vY71Ky4Pj8/nvE5yic2AeO0wCM0Z7U7kio3cXm9XO+5d7v+BmZ1hCP0yyh2rXe8fb6/UOm3Gu15pLM6lm04f///+Xy+oTG6M7o9geL0SCU1QCEzgmR1O/4/KXW70Or3iGb16/c8VKv377j9GO13jKk2xCU1ZzR7ZDJ6eb0+mW75C6d2I3M6wWG0Lvg8mu95ZTP7BmV1dfu+NDr93u95kmt3r3e9ymc3pTF5v///wAAAAAAAAAAAAAAAAAAAAAAAAAAAAAAAAAAAAAAAAAAAAAAAAAAAAAAAAAAAAAAAAAAAAAAAAAAAAAAAAAAAAAAAAAAAAAAAAAAAAAAAAAAAAAAAAAAAAAAAAAAAAAAAAAAAAAAAAAAAAAAAAAAAAAAAAAAAAAAAAAAAAAAAAAAAAAAAAAAAAAAAAAAAAAAAAAAAAAAAAAAAAAAAAAAAAAAAAAAAAAAAAAAAAAAAAAAAAAAAAAAACH5BAEHAEIALAAAAAA8ADwAAAf/gEKCg4SFhoMUEAYXJSQkDhcGEBSHlZaXmCwMGiMWJS8VKaIvDhYjGhM3mKusgyEGBA8pHTUsFCYLuQsmFCwcHSkPBAYSrcaFLBokKRMSHs/Q0dIeIQwpJAIFx607PiQuJwvT4+QJLiQoCNuXATYpJ+MfNzkTBgoKBhMcNx/jCQ0kQKwzNADFgwkZpFUT0MiRw4cOXDAIIW0BgwcCPgwUFEKHjgLSEmh44OiByZMoTzoSAC8aCx0Eiq1jIcJFP2gFzpE4wLPkixQXLqR4YdIRzwMkaGCINkCADW3HWNhAkfCZCQNGkZJogOMEAhPRMuxIgAMgCZQdBkTzBpUVDxEo/8Q9k3Ct54MON6TJoEBBhtxnLDqI2Il0BIu1NmRiMqHDRVUPCUSIOLoCwbMMZAVUcMDTQeMZCcB62NEh6wEI0QRYGLBKwwsZ0CAYJaFDxbMdOHQ8TOnwxQzLHjCMIEwiB7QBOgRgqkEi77MEszXANoFjMOGj2LE7mqF2QATiLT1IeCCwEgUbOKCFkIy0w7MCuh9knz+ftm0PWI86e8aAxI5KPlRQlQl1HZCeBwGYRt+C2IHwzAQn6SCaBylocIgEJISXH08G4KDAWQyGmN0KOODAWXvQqEACC4ZocAE0LFynlYwiiuiQdiA944ILheyQITTn1CjkkDy9+BwJIRCCQ/8FcmFAI5FQ1pcANCkYQAgBB3qAwpNRdsmTANAwYMEg4+23g3zZPXTjgg/Nl9KbJvHwTAgPqCIEA0w+A4KMJFgAWgghYDBBgdk1sEIHKFSgYAVBNdpoBUUxQOUEgkSwAjQCXEfCCjeFdRFKLhwGTQYqAHSUqNPIxpML0HRg4QAjBPDMACWo5B45Hqh6gAt/RUPgSZ1KcwJhDtyUwwgfqGBBjjEe1cBfO3DAwX7PfEgCtQnEQC0MjqQADQU7hBvunkcxWwIEEziwwzPc9hSeCtaRIOucW0EzAwAAkHDfeA+gYJUDbWrHwTMUlGAACi+o5UF/PL0w4AvXlSABAgiw8ED/AydkDLEjLTlJwgTvvWAAAzNcYNrHVr0glIDPzEAYmM84iR2cN3YwwZTPeEMCDLcp/JwDKBlAZSkpyFUais8wR+SEC+AAAE/UevCYB8P2pACVfRb9zNEk3OqB0tqtiV0IEw5QWgmiYUADARpQAE0DJ139zDUpsOyBy19CIzN2PtzjA9AovfCCAMBlQJQoKRwFgNwecC303A4grDDDBzic8nUVQGOCDSAAuqdJi0ODgggllI5SA/buhLIHJqic7roetIvUu/GGlwAALX1AEgkAPO7BBThkkIEJDeQLQJbeIDWwBxQ4YICyOfJr0rPQRMsBRZgC4LUKEbiAg8IZRF59/wcCIJTySc6xcK4JIzjIeq1FeT0O2FFL09+1uOJALGwecICsEBGIAKY0xalxfM4kL1iKNDJArgPoAFWjotyuWmUhIYAgTx5oYE/8lAAJBIoBpsqOAECQABVAAAeE4gkKSGhCFGpKUnNjgCDKdBs0hU1N9FGTgnqiw+wAh04sEgSWRMclL0UJZh6YwJgGgQPLeaAARTTikPQFjQpYaRA+Qs0zMiVFIxoJMiTgQSFQgLq58GmHUhQbUpzzO+UUIgQk0OLdrlOi0thQigqYQLp64jXoKIYQK9BBVTJQoMflwCRdnBcOTlIB0SygAhGoxAdsMANovGUymxIHC65xRyGRYP8EOToa1KAxARtQohI5IIECPaAi1WVEaulCYw5FgAOwyEAZR8GZB2IUAEz4wAKdGpbqCNASCkxAUSXhjSN0gAPYJUA3R+HZM2SQnFUw5gKPgRdxfIC9BQhKAykoXekqUD4MVCUEKzCNLhfgAgKYgBU7EIEA/hKCEDpiBau0ygc+MKH3KAAly4haBEQgxlZIwAYCmFAGXEacZUgiBD5jXQgUcQ0ZGUChEbBBEI0hARHQwG0wypSmHFGCUNStVmLDBhs98AEXiGCjx0DACF5wH735YHdwetNZUFDT93gkSRsxgTdqKY0dgMA1u9MhCQYHAuCMapEoYM1GBsEBEehAmtKCGIAEYECyDnRgBgyAAQsiGpsU2KCXUy0EBT50ARhMDVfjyAAETOaD/6T1Qt5gJgt6BdcFSGBJJNAATO96CATgYAQPqMAKQICBHQxAeMIbwA4KAIIVQIoAMygoYVkhARBEIAUWcAAoKkBaUpgiAgz442aPMQAVTCBRDnAAOW8m1bQGAgA7
N1,607,Bobadilla - Triunfo,R0lGODlhPAA8AOYAAEwpGMK2sG9TRv///5J8cuLc2lw8LaWUi4JpXdfPzGVIObChmvHu7VY1JpyJf83DvnheUYlxZtzV0mFCMunl42tNQLmspfb085eDea2UlNLJxXRZS8i+uaGOhWRFN+Da14RsYb2wqmxQQot0al4/MO/s6pWAdmlLPFMxIca7tfTx8H1kWJ6Mg97X1Ojk4dDHw3ZcT5mFe4dwZI54bezo5lc1JnFVSLutp1oxIaORh/j39rSlntbWzqyclNTMx8S4s76yrFo6KuXg3nthVLeoosrAu1I6Kf///wAAAAAAAAAAAAAAAAAAAAAAAAAAAAAAAAAAAAAAAAAAAAAAAAAAAAAAAAAAAAAAAAAAAAAAAAAAAAAAAAAAAAAAAAAAAAAAAAAAAAAAAAAAAAAAAAAAAAAAAAAAAAAAAAAAAAAAAAAAAAAAAAAAAAAAAAAAAAAAAAAAAAAAAAAAAAAAAAAAAAAAAAAAAAAAAAAAAAAAAAAAAAAAAAAAAAAAAAAAAAAAACH5BAEHAEcALAAAAAA8ADwAAAf/gEeCg4SFhoM0Pw4rCkFBCisOPzSHlZaXmAk9IBUeCiI2MDA2IgoeFQg9PpisrYMtDh4GGyYWCRQXA7oDFxQJFiYbBh4OLa7HhT4gNTYHErvQ0dASBzY1CKvIrUIjNSspOtLi4ykrNSNC2pc7NRsp4jQaNwcOJiYOBzcaNOIcGzU71BliACLIgXDQPvRA4KGGwwYQIzbwkOpDNB0HgoBgIFDQhxMifETjAMIAiiAkJkwwwLKlyglBUBgAwSGaj1LG1CUIsoIBtBdDUNRQGRMFiQobhgzZUIEExCAqHQ55AY0BgiDZjiU4h3CACgwQVUKE0YGDkFy7Lgjh0AFGkAYp/x1iUAGtW1ZWBYKMmCYAhdgJGBJEK+HCRYmuAxJgcKoShYBnu0YE+dBKBaSuKVh6CFLDhBBdF4qwQCDAg0oPIhCwKIJWiIkaQTYHebcLgQKOmDj51AWkgYEJDQRQHSCERYWIBkgoV160AosCuh6IaLCyAZBdDFJjIhJEsC4OcCegiODzQgcSMl+qX2+SBAu6DGT4NdCgpq6dAStRqHFglwSW4sWgywsiGLXegQeiUMFwGMxnAGQD9NAABZWMYANCFwgAlUG6sAMVgiCqx9kOumQEkwBoDbCBDIdI0EARu8Tgl0oddEBADSmFqONLNRBQo2kB7vJADQkYgsAKu/hAHf+PDu3oJJNDvdSAdwOsgEAhQtRgX5VRPunljt7sUkQNlA3Cgg1CzqheDRL9pp5TyIW4XI7qofDALhs4QIgH/emyzIEEOCCoAwK4OQEJNgzqgDAheuDogTXIsEsPEwySgAEt6FKAoS8Z4AI0D6hZwwzQgAWiBDTQ8AKnKhnw2QAfGFDkET1ssMsCanaaKTQyLHkONCYsWScCu2ya4AJ49iAICCbU9qF6mEbTwoe/7hLsS2859uoALbAKEwi7YHBldhbowoACdOoqjYwTVKvLtROcsMIMRKTIrbck3KZLCBXQUIQHIg3gQ5fQ7gpNCR6Q4O4A1y4MTbcIdnefBz/koAD/Bfvmqq40uC7c8F7iQJzgdQPQoIADnNAVocatGtyVDn2B/C51Du8i8noo9ACaCCuAgpADwha8iwZ36vIDADIzvOQJSilVgs3eAscCnqbZqoupB0Y7IAzQbECstcI64gjGutysXgMC6uLWBFYPgDV7BicAQABCfj0zgvyUHTXau7jlsy5AI6h1Yo51RfLdB+Z9L4INTK3LBgqkrEsPLK8Ud0zIigPveoqb/VLOO69wgAefDhBC5YPvFNvT0myuXudRo0CyySw8APB9zwqNu3gOaB70S7BH7F0CHqSQHRHmopv15URZFI3rwEN9IAkn7HZDBSUcAQIBuxS0/C47iRVB/+u/qxT8ehqFeyWtaOqC6/e7izUc2HhLj3PmKip7xH+QCeGtp8V6VhAgEI23qUdlxMHXq2I1qyPwaRcyIJhKRmAPE0QgXQaIQAVNYIOozaCCI0hXu8ZXIg8QogMCQEioICURFsYJQWyKSILmZwMWEEIIDaDNABAgwS/5cE1240ANClAIEAwBfARzSA9/KKWw8IhKVjKEi3ToADUd4AAYwBET3xQEDFwRSChw3ADAI4FDzCCFoLEGTDqgCws4YoswCUK5BtABqLQDITqwwQgqQQMO6eIDJPgNCpolsL6IcEfoEUDACOAg5w3gADWgRCXcGLABDEmQIHgaRsQTNfb45f8gAygBCOZTg6IJLAhEwIQMTsC6AfygBr9pQAVgNAAKHEAAyJkTS1DQABHkoHRFOM5KavCDXZTgBCBgxQUqMISuFEFhm2nADJyngxccAAQ2OIGjTmADEBzgBQj5wAx80xASmFIHKziBCrZhAEnZbAMz8g0BNBANFaQKgbrQAAHo05gNGGwAETAAEV0hgSDIoCsXcECTgNOAPP3gA/hUwQcU8Y8oOcQBKdJBBIikjQSQYAiKExgCnEgf33BTFNk0SXradY1KhnIIshJIAURwgvlFRwboQYlKAtkSN5EgJiSIgCnzeYIKDFQgKpBMDhAzgAIsAASNQAEvJQKRyC0AOtCX0EEOghCBdXZkEG4UAN2kwYAEAKEHHYhBDDrQAyAkYDfRCICGUvnVQlDgRkMIAFPHIQ4dBGAIo6JQXVsUgeDkIAF75WsCciCAGkSggYOtRAFycAID2IAAO9CAEFSgg87qQAVC0MAOCNDBE3TgqJFlhQQWIIPSnEIAG9iAADrhAQHIYAFlTK1AGPCAA7TWUbY9wANwU9dAAAA7
N3,608,Cerrillo de Maracena - Triunfo,R0lGODlhPAA8ANUAALZeCNqrf/v18MV8OOvSudOdar5vIvLk1uPBocmJSrxqGvfu5s6TWt63kcF0K9enee/bx////71tIbpmFufKrr9zKceDQsyNUvny7PDezcyZZvTn3bljENyxh+G9m9akdNqug+7YxM6UUsN5MdiqfejOtebIrPz59/r17+/e1saAPOC6lfTl2MuLTbhiD/br4OrRuuPAn8yZZtala+TEpcF2LsmHSP//9920jNuuhOzVvsJ2L+bWvbdfCv///wAAACH5BAEHAD4ALAAAAAA8ADwAAAb/QJ9wSCwahy/KI+FQKBytB2VxrFqv2FDnMqrUBiqLeOCoDC44CHbNHmY+FYnlg4AsBKeIXvCCIGYWEg4PB22GRSEXCio4B3qPkJF6GR0qCgxqh2wbDAoXJZKhohElLQoaG5pXKwoWoJILIQgdHwUFHx0IIQuhJZYeqkYYFxIdeZAHOC1NE83Ozg5ojpAnHZcYwUIZXxCRJcQTCgbj5OXjChMSDK+PIQMjhaohnhiQOgnN5PkjFgkJFiMMNJNAEF2LEJAwmMpkKMQEDZBQFGhWQWCrACU2HNNzgkUJEhbQnVPwQQCkTgzXHDgFKcOACeNgfugGacGLFws2RghRQGCF/wocVGQ4qYAFGwzRIFGQoKCCkwIb9pR4cIGMg6tnSJQwGYFFASdODbCL0GIHijVVUTyika7ChAE69LB4MKKZAgnm0E0YQYKFHhgv4ygw8QjDCAZYWA3VQwGmAQ4M1KJ4IFDCz8uYL0uAScIkBgYcBBN4BEEBsCovFOB4lIGgBA4f9OgYwcFA5tuZH8PV8yE0wWkRrFE5wsDCMQEDmirIoYdVU9zQMTvxoCeAchXHTqhAbKQ0jEe9L5Mg8dV29PM/DSgoECDAZQ4PHpWYkMHIhQvtYF7Wi77/for70UTWBUWwoMBoeiTwnH8MoueJfEUR8YEK8k0g3TMLpveMZbcx5f8EQdBNEJceKpBARAWr6aGIZh804GIDplxmwAAvNkCMjDBZwAADVTlhnnQMPNJBBUNAIME0B4D4kwKL6bGBawThJ6SFcUgQAHARnABBebcZEFUESdbnQwcWPIIDlUuO+AgJVCrQAiQBWGgZQqKUoOR7KzzCiBAXxKZihgqoqQcGNbj25iNxOjVWKCuguWSQehSA2AIjIKDHAg786JSgengQmptwhiOlHgcE8MEKXEWAlKYGjKBWBDEMgAEFFdA0T2aBhhISqIg2Q52Tj00AAKR6BILrYiFUQMADNfASAQKObtpLOIdW1wwNC2TbQW0CDbCRChxeNgFhEbzgAAgtDMD/VQ7R5rrHRgy4UG0EiV5lr70WfKdHaZq61cAehzmAHW/tqplBDKxxMG+i5biZLSQshHTbBAFwpMIAcjwyEa5qHjBCqgVQ2Cuuow5agAv9uuVnBBbEUWakBT+yAQfMOblwuyU/wsrEK7dcw8ARfBCzkwS9IN9GcQrkjAE1iIEJUZlRbPEA6XLVwdARbPBYAaIEwMEA45EABzkcOFCPHtBG/W8EAhxGggNGP4u11uo1CWcP82IsbpMERDuuHubmUEKtetwqnZp0PyhJAC54iygATrgwwtkRsHVs4cpSaqmqmR4usz6L0huOgBGswEALBfj1yAyOtsqVBwOcdcEMj6y4/x/i5Cyik+gTEDsKC+MAqTF3OLwcQQOOupt1ORz8OvIEIIyStSVRO69CA0IYOQ0Ldyog4Avm1EB5BCBQ2XsIuy+wQhNdxt2amD5U0MEjnchow46nZyYH/gwM8KMTFmBPDj5wAQfoJ2oQ0QMIHECEBwANBo7yEFj05wQfdUgv4UjZTyZApwgMIABEMBA7YtSgEkLnEo9oTCqIcIFqQeCATsmHCUMEoCU1KQHcIUIGJsCO8PwEBCD4gDhmiBn14MI9P+EACVJIH+IATQDUU0DFYDXBGTphcw9QjnE4MgANVGEBCpgfqUDEAa7tZAC1KeFjVECTAvhGAqojnwKGcwQPeP/vETC4C1AYUI8TgOAx4YrOayqQgzws4AK+Ud48EIAFBkzuESYAy1709QIQvCQc4mhYMwaQg7iVoC6CYccCdpBDKwhgBy3YSAnUE4cJFGAaJ9ABCBiggh38ZAfbyYEOjnEADbRFHGo6QQI+xgbu+S4DKuAWTArAKRRk61WP0EEBNpNEC2CJAV4yRGkYsBEBCPE5zbCAFA4AzQig4AAmmJCP1KOAB2zkBJ2AXxuM1AJnFe4C+YhJOnAphlpuJh0EacYFSLeABBhAnobw2Ag6+Bds5nMcUNKkARjAqdkMwCjZQEEnQLA7FphuBxh8RjhIuYIvPeIEJLiEALJBBDuqgAKGocAABGiAA7F9gAQNMAEExgfJ5DCSpUV4gQYUkAAK7E56kTiBCWywnhcAtQoQ6MQAQJCBo44CAgF4CQMQ+lQjsIAEO5CACgrggRBsAAUnSOsJMLABHXggZBIYQQAw2lU2ZKAB/bvKCMCgAhWMoAwDYEADuFrXNmCAADno308C2wEYYOOpQQAAOw==
N5,610,Modesto Cendoya - Joaquina Eguaras - Triunfo,R0lGODlhPAA8ANUAAACcpXzT1/D6+zC3vr/o6xCttVLFyqPf4t7z9ACosUK8wWbMzIzY3CCvtrXl587u7////+34+F/JzhittUm+xAistDe5wK3i5Yze3gClrSK1vOb39xmyucTq7NXw8XLP1EnCx+///4XU2Aemrrvn6Zzd4KXg4ym3vjq9w1rHza7k5iG1tRyzugCqsjK6wd709VHCyNbv95Ta3oTW3vb7/HrR1cXs7QCcrW3O0kK9xPf9/ZXb3mbMzFK9xTm6wP///yH5BAEHAD8ALAAAAAA8ADwAAAb/wJ9wSCwah6+DZFDJZCqDxeF1rFqvWFJN0ahUCiyNhlXwNhQ1AnbNHj4kk4QmJSMgBLq8ToAgyFIaCRMSD22GRSQKGQ0fDxCPkJGSEDYfDRk5JIdtHiAZFiY6k6OjOiYWGSAem1ciGRomoxskMh8SBgYSHzIkG6MmGiMirEYbKBkfNJIPARZNTtDRFRYBjpE0H5gbxEIPExMEkheKTgnmCdHn6jkXkiTfhawkIz6+kA4u0dEFGicnZOj0fXIQaYOFEZoOkUgl6lGEFAI14DDhQUAkAR5MLNAgUILFRzooZFDT5sEIEJE6XIqWIlxBBAg2NHxEIIW6BA1sRKIwIh6W/wgFLMw84KSFkxQeHgm4sMAChwrmKnCwgOPCRw8GijqJBdLFhAhrUEywB2GH1gYEIXhYUADazYAZJixICkHFhAwtjJaAtKFADiyuXEIwES2HrwgL3iq+iSMChA05onGFQCADAysIkEGywfKRg7uLQ5ubkBYiNJ2PslE5koNFQwEcoH145CqD6NsJGDzCAY3FRxosQByp3O6R6ScLFsCwjRs3jORQzaWARLiDER8+IC1U57Y57u7nBJ9QUORBhuIQTjD3zl70AOoZVg1Z4PrRhfVwobW4qW9/e3UqQMLBAkQUMNsjx6gDQwAMBpDgOQXU0OCDCRRQwDcYZljAWyhA8v9BAUMQkIA1HuCXQIB8jaCOBpHU9gQCNAgg44wzlmBiAnRxZt0PNbAASQAmHiBJDdHU9wiQTpxACnxvBQAJCwEIocB0j+Rzk5AXxeaEkRAgmQEMSz6iwo0WQGIAeRs0IMMjG0SnDpaR2LjlTF7WAAkCDpCg555EvlWBPQw0sIEJFbi03ZWjDDDnj9BMlgIAkAKQjmKGFsBUBQg8IsONcEayUAZcemkNBCyM4EIOLrR14zk7PIJABTik+lE2b8GJByQgAKABnU4U8NELC2TqEDCrJmAnBEChAEZDEnAKyQMiQFJiqE68B9IoESiqmAQgcRAHi49kVSskLxTwAiQSVBD/CZJU8kXWIx6o+Fa7LJgDLgTiIspmBu1ucMJHXTqhG5sUeDHAqBB4Mu+TFRrZ7LhsNjGqCmQhOQAIGHMEza6QuPIWtxDQ4K2sqTkbMSakIBmppP6ZQxcENr51bLILYKqpyY9Fh6IkAQDAAg5A47ChOsJCsOlbrULw6kQFGIpzm+YoOUnPLrQoaQYAGBDJAjdWekGaA0Otb87nrMmzE+dCIoMCFtSgzJMmVuAYBIFuo4DWj6AyttgVAnykEweGycCNHYZLgRAB+Pj33m4mEPjfTqA3ygWLRfsIB1H+UBmJb00WQeMJFA2Bixng8LK0XC+WYwY2DGEgJBTKgcLsLrRs/w4Ls89e700upAB0Ci6IlgMkOExAxAIcNDQmd5MyD57zz7+Vlg4c4EBEiZNZ+d/2vENClHxDKCA1ZfhFz7050Yv3VxGcTdasE7DikO/556TwAQ5uggwBUa0bAQILbxMAC6CBg0cMrljeMRvXnKCB33BAOEd4wQgK+AiTyAtvJLgE9xpAgnBFY1Q4GMFqjjC4DtonGgrwhQBCWA7vfMAiG/BBNHa2kMtcIQcFIIucjDKB4iAAB1pqIfqgwYEPCOsCd8lLBuDUl/VdIQITGMDbIHCBEeDFKDCwBg0cgAMUsMALXsDdBxzwtgcsBy8ZGAF6aDCACQiADfEa3mY0Bg0DpP8FEhF4wQvmdg8Y3EQDCMvBCMC3BgKMIAdTFMD7oqEBCRzgAXxE1gNKIAE6QmMBAKOBIHdkCEMOIG2PIIEMBfIEDojhKaTMgA8EA4EXDGAEnDyEN0gjCRXkQDHNUwcFduaZCTSAkJuIQGRw4De1iEBZqewVCkRwOgisEBNg4cYQGDCCBnSKLwQoQQAWIIFuBqAEHYgkJErQgBHYUJpEQMByBnCAKYZpFDQogaJggAB0VqEDkflZB2byTh10AIgZoEAs7XmEBxQPVDBgAAk8EAEaOJQGEfCAAxgAgwFOwHQENUQHAkCBBpShABwIKQc+2gAKBGCgGTXEBlTwgRw8pQIJLMjBByhG0CAAADs=
N6,611,Casería del Cerro - Avda. Pulianas - Caleta,R0lGODlhPAA8ANUAAMOMAOLHe/z58dKoLPDkvs2eGdy7XOrYocyZAPXs0MqYB9ezSubPjN/Ca/jz4f38+M6iHe/gtdWuQcycEPPnxvfw3ejUlsiVCN7AaeDEc9m2Uu7er9ClKOPKfsqaCtWtOv///8aSAPr37d29Y/Lmxfbu1teyRN7Fe+nWnPz69e/evezapt61UvTpzM2fH9OqMfn15tq4V+XMhOfRkevYo9KoLs+kIv///wAAAAAAAAAAAAAAAAAAAAAAAAAAAAAAACH5BAEHADcALAAAAAA8ADwAAAb/wJtwSCwahw4a5jUJhSYvDM1xrFqvWEJA4vJMCrbBwAaZeFySAAHLbg9bmIKCY5gRKoKH/iGoECwGHAoTIy1uh0UEEiE2AS0gkJGSkyAtARwhH2uIbSULmSsPlKOkKx8hCyWcVwwXHCujMH8BIwYGIwEWBA6jG5gyq0YwJiEZKZMJHR9NTs3OEx8dj5IPARcSMMFCCQUFBJMbJgpOCuXjzebnIRKwkgQuBYarBBcfMJIRpyHl6AUcLy84yEF37kUESSIkXNh0iMSFBaIgCRjhxIMHJxwarCghQFKKEisaDCB3zoAISRpCMGST4KEkCjb2jVNg4FukBzAqVIARERIB/wMX+dkggTKEPCwiCnzouWHcxRAxSkjc0OBDGXMQPjTY0BFECQMVnbSDJGFCNiwmCtyDdCAshA2QSjQo4CydugIYEkCKENNiCBSRRGTFMkNlpA1hTdwT0OCcxceQIe/DcFLEJ79jKYQAVsXBhQyRWpgLYWAvhH2RU6cOUeAgCIqPKUTqEKJCFQ02IgroG6IBJAYVVQuXHIIBpAwhLtroCoKDiSMtQoyFbREDhhioh2t/HEJDgwbcS+9VaUTCi0gEsj9Vv307QX42QXz4UKSE9Ein2uvff/E8JMQJENEABBFFoJ4zwRHXjHB1MQgXJByMQEQBoEFCDGQxdKBhB4tAVv/AhhxeEFlyNSywwAtBrSbBbBMMoZlsXpXDnWuQOGBXDZLIkJxfE3RQgSQVdCBjalKBkIACm8iQGyQ6SvZgJAHsGMIAktDmlw1FUkLCBAqMKEMkHAQgxAIxRNIhd09KJEc5VM624wQ/RpLCMZHQsCN3H0QyggQ3iGCDcSCIwKWTlKCQ3JRVHmrBTXMVEIAkL9xpkVmQWOCCAxtMYFN6I6YZSaSIuslITxgAYCoADESg6mWS2USCBwcEACckhnY6ioGhQkJbb5GUAMAEEmiwwASmJsjdoiA4QEhaJ4FgJaES9bQAAG3qKlYkDIywFggCHECXaiE8yi0EL9iwJAgYSHr/0ZMtAOpVCBwkalSvo1TggroXYQCmFxxERB2akVRAKSQjFJCoB3FKsi0kJLB3kXggjDRBvwSrG8KTDoQwQiQOvNCTlQmDEAEHE6fJaniRjGRuRA1YjPFFev3XrLP7ZFnBTE5kWdiI+kLoAbPW2lpjEwuQsmt8Fty52WEWiysAubIWWSu0yXJpGCW7zhBJ0ty5u4LFyCqLQQSaMuwyx1b7N8muRQ/dzAS8QBLliK5OQIOfgAraJcBD8wPY2jIlnEAMHxiQZcTqDmwpFWSaKenFaGNFp5sXlUlKpRavCIkBfN6gZETAUa3saB0A7pe7lDS1N3dfQijmDdHBePPqkEOi/3c6cTOp9Aghe9Uyvh4UeSQJQ1AYyckeDCDB8h+kxsHyy9uw+kU/N5DBCM07fJEJULY4RAYEjke7M6shCG6D4NJog4RDVBACDfgBz9/8fuX5XwgBEmECjmaPrz39fjHW1eRDnyJEZyzpekwGMgAW+fGHNAvkzsbuRzwjaAACdEoBJvKFOQe6JwRaAwFylNOVB3BgAVWAwWcikQDuWI4AMfEguGxgE7A8ZhogiJJtqpA0GuHqIh/gRQoC8JTpMcgDGejIMKT0pIYxAAsLUEskvnaoArSjAhmIIUn40QwIZCBOGziNXw4QCRgUoHNXeNoLJrcB6jlBA9N4QAQyYAIbTP/gjhOwgQQyEIGIDC4sCnjSAz5QABF04gIm6EkCMMHFGNDIdg5wwMx8EoOZjIMDOATBAi6QvzZQAJGTS0G6pASvERwgAZMUQQKUgAmZOGEEzHnAJ1biSQ+8IHcgUARJnhGGMUwAAQRxgiYU9oGFBKMEEGjNJCKwgHOkoy6j2YcJPPWOAnRyFZbpDXPiIoOyIAhBwJLB4UCQAuSYwJDaGIIFLmADMlJCBCRAQQcaMIIRNKADKCDAwqZogws8MZ1FcAB2XnCAyV2OFA+gQaQ0sEOAGoECn/AiCXpyUBA8gARZDIEJKuhQK5QgA3SxgQZSVQIRzGlOIigBARgQg5gUoAEs1+woFigggwXY8QsQ4AAHbFCAO9pgAR3gqEw5AYMN0BECFoGACTKwgbMANAgAOw==
N8,613,Fargue - Triunfo,R0lGODlhPAA8ANUAAI9UQNS9taRzY/v4+LmUiOne25xoVq2Cc+DQy8apn/Ps6phjUbOKfMGhltrGv6d5apZfTObY1MyxqO/n5ffz8Z1qWZpkUrWOgr+dku3j4Kp8bdbBusuvppRbSejc18WmnOLTzreShaVza97Nx////6FuXb2ajrCGefHr6Ozh3vn39sisouTW0ZFXQ6x/cc61rNjEvcKhltzJw7uWirWEe6VrY/Xw7861tZRSQv///wAAAAAAAAAAAAAAAAAAAAAAACH5BAEHADkALAAAAAA8ADwAAAb/wJxwSCwahwpZ7FRaLEqnmExxrFqv2AiHIaiUBA+N5iEoVQQMTgTLbg9TsZJFYwpEUCoVaa9CRQImGhYlMSluh0URDBAPKwV7kJGSewUrDxAMa4htEyEQBzIDk6OkMgcQIRObVy+MMqM2LAErDSYmDSsBLDajMg8LL6tGNgwLK6KRKRxMEM3Oz1ASKZIDCQsMNsJCKV8skiMMFh0LBuUGFujo5gsdFgwjkiwCAoarEQsnvJAgpxDlC80MCNBw4IAGAQaaLahQodkBEJFsnFig6VAEVMhIqMDQjGEzDR9kZNADSUUGGR80ACzXDAPJPRcgVGSTYUGISB4edGBpwEQE/0k2UKDQBymCiYQMOzzwEOnCggxtKEDJKANdBScmMuwZMOIDgwdmvDxg8AEBsgwzICx08goSEwpsuFCABAOChYYCEOyZ8EGAMwvm/jUT8GHCHgR+K1iAAAOSDTRYAlCENMKfgQ4X5qr4cPkuw8+gGYoz8EEPsQ4e4e25F8CKAggrIBWw2gHDHhACdobevbuDAIgkTKBG92jPCghUjlx4gEzFr6sJ9gToyLs6aCcB9nxY+4DkgAcXjniAoJpEA9QMP3ww4c+6e9AQTKj/3KEBZQgejDA4ULS9R+rvBdgQgA39tMcBDBSRAXluQSDggwJCcAIkMkAA1RAxMHeYg59B0P/Bh+30BqJnoTlhogHVQaDXHg98QEQFscHEIUMJvGDjCy4sJJoGN74wEXwGaHABAV+ttBsEF0CyQgVDeGBBcRkAFpgCkVxkDgQERBIDhwtxoBUkA3iAgRO7WWAYCbPllwMHD0DyAnqffQlJWh4lCQlHVz1wZi+AhdbBC5A8wIEQDJgASTGhybnXlXbuwVE5ig4wVyStlMgAJCYk+Fh2JNhQAoqgKWocakhGwhEqYPZVggbl2cBbCZMGIAAFI1Rg4D27iUoCBQKg0ygJp0a3BwwAoOMPUYKUaCALFXRVAgp7bABnnKME0EGpdzZjn3QtlIMOlSQM0KufG+yBQgkJnCD/AEkcTMuQnC+R4EILv3JkQZt7UFAMOYDeNiN9HOSLBhjIbJkrJAg4gDAA9ToIQQMvFcACuCRM8FxoEMSwFRlBZnvwbQJkdMKEHlfQwjGjoHBCC7xBYNseGpSjQcmhFgUApyQoYqplbZUUyWb/evQyCTETvIfBifYHK2UZnYozCWwK8FAkiMKncbhkcMGuuxXIeU8Hwk6CgW8ZvQCAE3btWZmfAe+KxgfPRsu1104YAK3YLVx66IwdKLxHlKAmVS4J5yZQ66061rwaORDMMAoGLZB8dLfldMAUJeRct2yzvHIqVeDvFkVOQpeb6ttLNlxgVb9yh7Y0CbLCVeihiYe+/zhLkmcLwdMVe0DUHjlep3dwCa6JLwlvJn175T07ahlwpAQX9J+BSiCEk8VNIKU5d6M5ugELaAhJAw6i84GuKozgQtAMnZnmEDBCEhNoJ1xg/wmgW3CA/fYjdKUBB8DACjjwgRD4hX3YIkECSkCED4gPAf8CiEJ2I8GAUPAZdknRikjQIiJMAAI9OwH7IETCDkmuQqogwn76EzhnlNA6LuxQ6RBkhAIw6GhwSsAKxlS7F15FgAmgz9VIUKECHCEE4nPOWj4gHTL5EDvaWQgjvPOAEFRBAQsIWwrOUYEOGCpnOgGdgJRiIOEoxgLT2IM1knMEyRiIBJW5SwewEa4lhf/oPeKAkShOc8YNsmABrbnCBUpAFAdkEAICUA0KEnBAuwQGHdcSQALuNoLEoKNnngoPFlQgtYyMAClOIEAaSQCCFXylBKgswVhWAAJkpIAAhzRAeQZwgHW1IUq/KkAYE2KAGUAvXxQIpiRAMIPFJOUBoySB6lLYBg8s4AIZUQH5ONSMB8TAASmYVL5S4IAGXMIyzYhBRgbgFDUdwkkHoFjORGiZxdhFlWIAizs904wTvJEECjiAAcyJiAzM45ckQMAFLuPEM6pjHTu5wAZv84ULCYMCTvlARv72AgY04UMYbEYJGPACUW3mmXDRxhAk8wC/SYICEYCBBD7QgAZ8QAJxMIiANiPhgF8EUqREQEFaXOCAiUZvFAOAwfpmgAKcVsEDMSFMBHwavQFEoC9I4qdRj5ABuIVvBi8AwQQoMICuSmoCIHjBDH6BLodOlQ0ekMAFunAGMDyADAwRwAUkINWzHoICCFjBclAJnhUgIKQ4DQIAOw==
N9,614,San Miguel - Triunfo,R0lGODlhPAA8ANUAAPCtAPfae/XGOv778fvrufK9GvfTY/zy1vninPXJSfG1CPTBKP745vjejPfXc/zuxPrnrfbPWf////K4EfO+Ifrptf323fXHQvK6Cf767/nglP3xzffWbPTFMfbOU/e1EPjdhf799/301/jZefe9GfG1APXKQ/rmpfe1CPbNTPnhmf/mtfTCKfK7EPbRX//mrfe9CPe9EPztvv///wAAAAAAAAAAAAAAAAAAAAAAAAAAAAAAAAAAAAAAAAAAAAAAACH5BAEHADMALAAAAAA8ADwAAAb/wJlwSCwah5aToYMplTAdw8lyrFqvWNnoQsFgCoWFuOClXEYyrHo93BgKJUpEI7NkQvhQxiLTRBYlBQYbbIVFMhdxDhsSjY6PkBIbDhQlF2mGayIJJR0nIZGhoicdJSYHmVcgJQsnoQwEGg4GEREGDhoEDKEngCCpRgyJDqCPGwECTU7LzBgCAYyPIQ6WDMBCG2AykBCJzN/gTheujzJghKkECgK7jhWl4S0ULPQt4Z0VjwwCCgSZBCVSFJOQwQW4BRxOHBjwaMCBExwAfXOR4VGKEv7YbFCQ4tGDSswibNNnwQKDgRJkRFDAjMIDiwrQYWEwQcDAEyyXRTjQaAAE/w4CyHj5IoADBIYSDkT4Rq6RgAnWsARtJ0EFswL5knKAc29ZAQ48JVTg6kSFIwYFBGBZ9bLRCWYJdmXgkFOB3bt47S7jUJEBp2VNH5T4VcVCiRGOBC9z0Wisk7yQ8zrB2sjgsrYSRpSgcsQEhWIZyDpotKpE5NOSBzeiNrliIwomjsgoAcGR5SccOHh4jLr33RIecg8tEcERhBKYiAgQ4AjgPd/Qc4Yj4KiDWiIbaFc3Hb079E7GS8icYeBzo+PcpS9LzQwyONTaXxsgMgGx028GQOgHISC9ggL7gZDIb06wkEACAtjj32/MNTLCBEPMFs0B4ETTCIXMdPBIAPhZKP8BAyrAEVkJYWWHyQgLOMIhXshBwkGGj7D2RFaR7LMgSwE4ssAIQlxQ3H0sjnSWguA5ImNtohAkIosNSuDCBTOgpUEjDHgRZCQNLKOhkU505MgBHLhgliMI8IZXOxoUwMAJGIw0m38tRgLSlqs5gaQkyhDnSAhL/kadBA9goAQGFjSiwYJxcuMEnRKwVmhl31hokGRTSmABBksUgBQ1kgk5wEACAMAoa1SZ8I2Qh0o2mgQDFMCEeU4iKuQDlUpSZJ3iOdIAAMu04JoEx0nG2GtNpNjIUp06soGvjnhQQIxO1BrCboHQKAFAkv0ogUTGSoDslReWsKoEIozqRLcXPoD/lDuIagsIBrBOCm5STjwK7K8yciAKVW8J60gXHTCbmaxfOqEtJDISZ68EIRilIqKrthoFoYYSHK4TmEG7DAAACDDCCC5UQhUnlDZyqRRtNvLmvBiW0KTGEeiHDMcca5uBPcmmJCgDFFRaJZxCthyfxjk2kkF/1TiyimQYoEmBNT460h/LLaHUqBMCN7KBhxbgzKQjEUA5wwgUPEw1Mw0gvIwHSTLAwo0lFC0BBTzOIOHFzGBmGDNZS8DhMiZ4yCoCfeZVInJDTDDugHd1YMLjU//GwuOPV0KgAAaM4ICzZrJ4gZEQDvFGMegRuB57p5ve3mlDUzBfGyU0VYp3tMNH/+dx481wAZ1vhlP7iPcIaZ0Rgt15GwYcOLDUjbQb7IADww0LbAkPHJEArAOAVIK+EmTJfHROpC3Bi05QgFQIFCRQmLjKSvcjASA1H8efyzthITWcHZGlkOiJs8sADqiLbx7jAIYIgxl3mk0DsHABNZHpKkiygAPI0pUCOOBREKAgAs5SALFdITQdGAgE1OOBaISgAg7gQguGYgYHVKAYG6DWMu4Ugg4UIANr2IgJjCGRtf3JERlggBAhQQAZnstDCYhJIWaTgIEMwADgcB0CNvArgmwAAeUBhwHWFQJOJIcNMlBAB6iSEqSBowVhWEABiPQNAQjpQx1QwBcLkY0C/KXwPH/pSjgScKdGEOAc15hBBkzFgXVdSEBsPOMFQBAWRwDQFFEJ5AwaoAAKNEUfD0BAAMLkAg4EAAEPIKMjTkABBSxQkkSwwEU8YbUkRSIEpAhI/lBJhAeY6isPaKUoQvCArZiierS0wgZ8SQEPNIAAB7hDHjJwAAI0wAOV+ErugmmFBwTgehPAABrBsEYMTCB9AQAmNTPBAAikUCgddAAEIhnIIAAAOw==
S0,615,Bola de Oro - PTS,R0lGODlhPAA8ANUAAMVjjufB0tKFpvz2+N2kvfTj6slwl856nvDY49aSsOGxxsxmme7Q3fnx9dCCpdmbtv///8x1nOCtxOS4zNWNrcxmmc99ovPe5+vI2O/V4Pju8tiVs9ueusdpkvr09+a9z96tveO0yN6ctfHc5vbn7unF1evL2daErcZmkcpwl////wAAAAAAAAAAAAAAAAAAAAAAAAAAAAAAAAAAAAAAAAAAAAAAAAAAAAAAAAAAAAAAAAAAAAAAAAAAAAAAAAAAACH5BAEHACoALAAAAAA8ADwAAAb/QJVwSCwah55M6CE4HASbUMZzrFqv2Mtn43BaHGCHxenYTC7YtHpIUlhSDs4nQ/J4IJDBgIT4cBwpFgoka4VFFw8GDhIjA3iPkJEQIxIOBg9ohmoaHAYUGI6SoqIYFAYcGppXJXAYoh4jGBMStBITGCN3kiaAAapGA4kSoY8kW28dycrJgRsfJJEDEikPA79CJGIZkRkPER0GEeIRKeUp4xEG6g/bkAgWFoSqFxEUGpAjCcnjzAdhXebOpTOQYASkBhQiZCp0IcUGYhAkqBOnTgABEwV04fFQwAQIARMHDoO0wcDCNCQibIBUQEAHcR1ScGj3yI6dSAg4fIMpoADJ/xTysAywQIFYhnQwH/jEg0DBBgFjnEBRkCFUgU7h1DGARMGCNSwPDtzDw2BiBwtbIWhQYEldOHRuHSgYy8DCy3QmHjWwsAFLCQMIHmUwm6ABHgXfBKJbDDOCAkcN9FGkicCAryoNUkgoxo8DnhEO7jIezc9BYAgERC+FoMBAqiN/iIEktxkCK8Wkc5cLgGdaOgHEHDw4UqBD3t6iFSgg8Da383EGCIQIwa82hLInhWyg8OhC84Hfnz93C9cgHgp9iZAwcBxCgvDi4zsn+KhsUBVsQyEQzThgQPHlPNcBTYsQcYACjyQymjoUKIBBBhlgIIFLuPEDBxgHxESaASsddv/AEAWkcAEeGpDWAQWn7WJBeNE1QqIJFPC3GDQQhJjJBA488oGM6TwwyiMaAIJOe5FIwOM3HzwiwATaeYZHSYw5AFEekowgUAcl/AgBBzzShwcBfQ3gQJIQeGABYx2EgE8CYEwQyXtekvhBAIZtdMBoB9QZgAUNZHDAaQ2hmdZ5AJQDQJaPhJBMeyRk2IEDdUbUpXkjRMBACAfQiAGPxkFSlzJxcCAqBSnk+Uhq4qCg5mfwYUniARJsYIEuE3CKICQDMCBBQgAAwEwK3CkpEIc13blYmngMxaaUyOEZaSQaYLBBgKfUdKY4KQjAVYUdWAfVE6ce6clYoyAAUnR6GSv/DnCPJMAtAUpGAO6XR6ZzwATkSuKBACiAkC467OLx3rHw4iFABGCEYqRuLzlzwZQQZABAwRA0oG4E2j5C6rHe8jUrHrXi6cSdcRFAY7IRJACJkOQEiwfL/KyqrAKZ4rHpYsA2oHMDJojWgVgre9XuWx04CUFKaCKqAax+AlohxrjaFdDJQ3UwIh4lFJoCCjSVMOlnBzDggQO8lXktOimsViMXDlBAZIiaQRICGGQKDJ+pEOzZgAobGA0lXEbjKgmqEeS7S5cqf5neBBlDsCOadf/4F0VFjVKAiW4azKQKDV2NNGPRGQ6kROiceDUkGBzwtDg0hjjCEAcmCN83B3AQ/0AGI4yQQQAcZAg6hxOUUMKus6fTIQTUEVGJYPWC51ZIGy6zOkw0CSCBeuwNLd/247lsXxHbdfcdedznRj5FKVKQgBEFGDDowuLQ0kn5C3KgHD8UY3fEA8zmMVvceYNe+cpBJgWcQxGyGc4RNJCCW9UIf0wJDf0edRrCRWA1IXCNFQIAGMGYZQOGkUZi4vOSkXhgA3dx3yOs9AEsyCpSJjCLBdpBAgnYBRwsUocFJECjDEgwHa7YiAXWJxSiEIMBSCkHB2g0gAxIgE0j80cCJMCAUJCAOVlRYbsOQAWUUIMlLmkMAVKEh509axIE2Mk3HHA6CDwgbYUYwSVwhUWYGNLAegwgAUT2oKtzZZEAEEnE6wxhJQo8CwH6uEtALCAAClAAKt/Q0EBQdJD3DFITJIAHGa8zLXCgzRxwUccGBsUUeBTgGio4YQOnVIAJJOAABljGMgxwgARMQG2HcUgXUakCDgqASHpBQAlCIAECGDMEJUDAGckCkhbykgic8AQwtSQKBpjiAfd55hBGUBK5tJGaNQoBSDZwSW0SRwKqs0gAEKCBPWpgBAEggABKJYFTmlMNI5gAF7wggH5+6wBDDEE571kIDegqAW8IxBRN8BpeBgEAOw==
S2,616,Villa Argaz - Centro,R0lGODlhPAA8AOYAAHoSEMyZmZhJR/v39+bT0rF0c4ovLNu/vqFYVo85OPPp6buFhIUmI9KvrqpoZurb2+HKycCQjrV7epVDQYgrKYMiIPjz8owyMaVfXZxPTc2mpde5uO/j4oYpJ76Mi////4EfHN7FxJM/PLiCgK5vbfbv7+TOzo42NKdkY8+qqZdHRcSWlda2tZtMS5I8OryJh6BXVbiBf6NbWn4aF+fW1eHLy7V7c61jY69yce3e3p1SUKxrata1rebe1r2UlPr39/Dl5fPr6t7FvcWZmNm9vNCsq3sVE////wAAAAAAAAAAAAAAAAAAAAAAAAAAAAAAAAAAAAAAAAAAAAAAAAAAAAAAAAAAAAAAAAAAAAAAAAAAAAAAAAAAAAAAAAAAAAAAAAAAAAAAAAAAAAAAAAAAAAAAAAAAAAAAAAAAAAAAAAAAAAAAAAAAAAAAAAAAAAAAAAAAAAAAAAAAAAAAAAAAAAAAAAAAAAAAAAAAAAAAAAAAAAAAAAAAAAAAAAAAAAAAACH5BAEHAEcALAAAAAA8ADwAAAf/gEeCg4SFhoNADTEwJwwMJzAxDUCHlZaXmBARGCIXJyIqLS0qIicXIjIREJisrYM0MScUAgUaEBwWAx+7FhwQGgUCFCcxNK7HhRAYDCoeBLvQ0dK7BB4qDBiryK05DgwwLLrT4+MsMAwOOduXAQwCLOMKIRoeEgUFEh4aIQrlAgxD1hkKgqGDB3HQaKyQ0QgEiAoQI1Y4gWAFDWkDPHTAEESgIBoJRECQtgEDBRAMDKg0QKFly5UMQFDAsEEaBBEJjK2D0AFBkGghYKBU2QGiARcCdOgQ4MIAxA4XLsSEESJaEAQMtB2DgA6hBQkQLzhl0GIEiwcWoll4wGJBCwYV/1Q6KpAWmoMKWlnR6OAgmokJIFTGLTDSKgcOQRB+gFDAqUoQE0xE86YTU4kEMBCyoMDgQgcGOB7w2jBCxgRTnibIGLGh7oMCjqRSgAcNQYISrDj93NWgAoULFSYc2PVghAuIDCislOvQxQjRHw5MqHCBQoUi0EqgwtSuBrQNvi+AQFHig4URBmRGXc9+/UkDI9KWQAGieoWau2owCGAJCAMP0BDQkngF7BKCCIG1p2B76Ykw3AcS1NfSM7tEwAAHlTiggjgWTNAZAy/s0k5nC5bI3mcB7PLChxPUNYAAKBxiwn3QRLjeCAvgkJKJPK5nAGgLLLAeCBJ8V4EJhsgAA/80EMS1HlzU9ShlVFCyhxc0MMhQyAM07oLVlGBO+c13DDxASAwb7nJAfSXGhBKUUPHoknImgkAENCrEQMgFAO6CAontOYJABCyEEEIDHujAQJztVcCACxlkMIFTvymIDTQRXDCICRRQ+ACdjcJQ2DREeMgeZwWEUN4HPzywwnEKsgQdDRTUIEgEAkAzBJtWOqDYNEH8E5Vyd44ThAxRsgfCCtAIEIEgGBS4yzLtUSBCXdBgm5ByPxZLToeMUikDNAVoGYQIGuxymQGNhghNDTCA8sIP0fzJAAnSEFCDYinwGpUBJ+ymgQgKbHBBYVwpCEID0cgAQEsApAjNCg9Vpe7/MhVksNsHHKgUKMIXtHUCB7v0qzB20EgXkQg7tLxDBh0EjKkRKs0wRHYJsKtsuhyfUNq1FfobVQUxYBSCBxhcYIQRELU0QTTUXjCDxB8AIVZ7IETAiwgIuJDmBzEk6+MFJMfDwg6ciZXACC+0LcJjKmx8gNhDF72LCjnnugtYC7qTAznU6BBlBQ4Flh4CQEAN6HoVSPtBCy3pDSHdT14Qwd/k/JDB4sBdQPUuHlAOnOOQey3OCJSv9J4MK0CgrYEprQTCDmXzUoCTChKNZwIyAP1BBEJHlcDwCUiFkggFXATNABP81kEHPEPDAmB1am0e1wuMXLLQHegQxPdBgDds/2CY75JBSyd4Bw0Hd4WrcAq7cHDCAgYXpl+1Ty8/wQwtQaT8B8x73qg+oAEGAOAhEdEZe7KyCwiE7Fw8W1eg1EecHQhAAAigzS72AoI+xS8GMWibCF/wNvYYIAECE0FHogWNqD2pL9P4FYTq0w/AYWlxDBjXLgqAAUGsQAW6Cl4FrGfDIjgCBTaMhg7CBYKb7UIAKxCECTpAoRyAyko4KJ80gDCClGQtiTf0kQGgIyAkCeIE7voACkQXFwcMYQOG2sAQdnCCuLBEB/fIox732JQnIRF0mhrECCYgjrmV6EcPcUQCTyWRRjZSgeJ50AcmMAJC5KACGpQB58LEyQUiQP96FTATITCgg3ftiEpG6WSJImIlCmbJEATAJDRiwKsFeAA2kFTljwrggRdcDQR2+wB4zFiIHUyAXqwSFgNGsIsCbhJMjuDZAj6kAhdNwAGV8E8aacAS8eCggYDJZY/SMwGLFUBCFPifBxhAiUoU0GLRSY54MNCPH7wgPZWSU2Dm9QGCSIgB3uKKBjCBAhRKT54VcAF+OPCC6TiKWyrhzEMm8IKybUAE1OEMw3YRBBfECBMWcIEOEEKEH3mmAjtQ3gAO8AIM4E14KsDACw4gDhqQoAJQSYm3BgADF+CGFZ/64wYFYDjfkACe6gICEFYFjRDgwDpRAYEAKOQnCoiyFSb/YAAKEPKDGMTGKRUQgCRowNQPlIAGiviHHR0hAWwN4E/EdAWndFDDBiLLjtbxTQJUECm85fU3YJXBABWgAwrE9RgPEIEIkBodFKQndhGdE0wCgwJvGcgFIrjqOkrgjQUgExoPGAIGEgAlRzIgARgYAnSg8YNpkscjhNBAByawUWmUoAZFWMECJCCBBaygCDXYWDQa4KGBwrYQHLipDhrwWTBK4wcNEBwJMHRcGa1xAgswgQwBZ4KGVgAFh62uIR6wgARQQAUkCEAIclCCH7j3ByXIQQgCQAIVUCABC9CseDFhghWg4DQncMEELjgBF5zgBBNAwQrCu19XBIEISJtAC1QmgAEPEKEj1Q0EADs=
U1,623,Campus Aynadamar - Campus Cartuja,R0lGODlhPAA8ANUAAFpLmqigyvj4+3RmqtzY6Y6EusS+2mdZouzq84F1sp2Uw7Wu0tTQ5ePg7m5ipnptrWJTnvTz+JmPwIp+trCpzmpbo6Wcx8/L4eDe7Ofl8JWLvnxwrszH33Fjp7y11oyCuF5PnK2lzf///3Zqq9fU5vDv9oV6tGVXoJKHvMC62N7b6sfC3evp8vb1+bOs0JyUvbW11tHN48W/2////wAAAAAAAAAAAAAAAAAAAAAAAAAAAAAAAAAAAAAAAAAAAAAAACH5BAEHADMALAAAAAA8ADwAAAb/wJlwSCwahyVOYDI4HAaTAAdxrFqvWALlM3I4Bo/wY+AdfSgkrHo9bFg6h4fEQ8pEBKJ8hEXyKDYHDhYNbIVFBAUQDwEEeY6PkHkqIQ8QH2mGaywaECYreJGhoSsmECgZmVceiiuhJSQpFBYKChYhKSQloRwbEB6pRhEFJwGgjg0LEx0QzM3ODhMuDZACIScFJcBCDQMDDJAXBQcgEBXm5ifpJ+cQIAcfHJAkAx2EqQQHJrqOJCbk6CDcddiQIMGGJszWVWBm4pujEiZOYCpEwJSxFgqYmWO2wcKKBi0etWjAwUKvcgshKAjpCAWEiWoyHEDxSMUDEBsPSCABqQQL/xb7+ClYaA7EAxWPUJywh6XFABPGOBwodwKChGkiBFxY8sBLmSgXQDWQAGEdhAPxHJnoEEFNgQFBV5ydOuBCngwBBjQ7cG4jswEWMuS5MAIlBAOOIgz4gGUVz8FzQXzQ1SJABXd9M/fFGSBkiQI4F6YVQeDEryoIToRwhMHJOAl5SIwIrbn2ORAjHCqgjTRPCAgsqqB4AKpFpQonLORZhdK2c+Sm8wQw+4CliA0ojqiAMNoCbQsBMvJ9Tn6hhAABHBRV4OgCBAJGPpjg1zxl/fLPm/V9qXZCkQzcqXUffgTa1okjHEDA1AwBEJdHDLSxE1BAtU0IgkK2qaMZCHbl8f+ABUQ4sFoeiWh2iwcodtDXCR+k4GIKStn2QEEbaGaJIyFUMIQKB/QmU20sPPLAeJeNmIcLEfYVpAgN2IZVa/DN4MIDjiyQpDkYOCLACESCEMAjIVwJgAaOZFChC45sQIEQH8CWxwQDVpBlHlt2+SWOtLUjWQTH1AbBBI4o4F8EI3iQRwkq1jZnVlzedqdvoY2gAAUO9VmbA/ukANcFDjxGQpxyatloUY+KEOZCNIXSpJ+eOqCEA4KJkMKVWIpqJ5g4QVCAKKtumEIeLAjywQB8ikABraHSOeplpZ7KYgQlRPtIr5mBMGILI5gwgoMiWADqonU6ius5HZTbQaxMGqj/nIcqbhDot7aKi+c5rh2ALrX7sZcHIBW4m0dGtoG7rJfjanavgfped8C2oHgbcLxFrQtpbQf7KfEDHQxb7LG1ndCbh10aKUIAtFa84bXZhgBrHrP62WEeKABwDgCjiUAWxZb6CqwgnHoaJwhoHjPAhAnnkQCGfZmcGX8ikOAqoYaKgGjH84nEAAcf54EB0knnnBmmLMM1Q5uOfBBngKI8woltSrMD6L+MSUllHlba5sCioiwAagVLimDmhkFft+YMKnh8F5GZneCAB8VCMtbefJfppNYHRDmDiI6UaBsIA2gQAooLWDDBVOQlYMLpCdj4AY46DtEgKBCSp+eEXGeo/07tHDryIREAjlZKgcA7d2AeCS44dtWk1adf8AZqxM5jIpjgXxHbdUcbeuIxv7QCIaS3HoLvHaEBt8ZRtW4KzjOfTtTTLVQdnQ9kdwQCEBjZmhMguCkbss/h9thu5/jYb6hQBce0JzKTyYplMFMezngGNBsZDQlMg4W3xGUuEKjLXQJQGGYgzj4DCECsCGMYGSRmMWpwClTaQ7qqXIVOMQjABzBmrgeARSxkMQtaHrGWtsTkALtizQZCcxYJVEoPCEBA42IzFJQYJWtKMd4VKlKAi3jLMBDoyEesI4KRrMAkzmPGSpLykkzgQx+PIAGcUFKVswyERggpi19MAD2pRZ4EJoXghjfAIQ5y1OuPEgLiy2LTDSkWIgJKKYbjFvCBZTjjkR2YwAKwoiVrFMCH2hCCB07wgFZE4hUGkAUtLEABXATlERyoxGkySYRNdOITaYtlHkgBAQ2ggpVHQIQiGCFLSEyiEgXAIy6N0IAAwEEOdLCDMSKQgT5IABAdGMQwKeICLngBDGIggwPMQAHLTTMTSVhCE54QBQ5kA5dBAAA7
U2,624,Campus Fuentenueva - Campus Cartuja,R0lGODlhPAA8AOYAAH0KacqbwZ5Ijvv3+ujV5bZ1qoskedq51JMzg6lbm/Po8cGLt4cedNKry5g+iOLK3qFNko0pe+3e6rBrpLt/sYUZcvn1+ZU5hd/E2qZYmP///8aUvYkhdtayz5Qpe/fw9vDk7oQZa7JtpZQ6jLp8r86jxqxinsKLuKBLkbRyqO7f7Kdamtm20//3/+bP4rh6revY54AQbK1loZtCi5Ewf8OOut/E26NSlPTr8r6EtOTN4MmawcyexOPJ3t2+19WvztGoypk9iH8Oa////wAAAAAAAAAAAAAAAAAAAAAAAAAAAAAAAAAAAAAAAAAAAAAAAAAAAAAAAAAAAAAAAAAAAAAAAAAAAAAAAAAAAAAAAAAAAAAAAAAAAAAAAAAAAAAAAAAAAAAAAAAAAAAAAAAAAAAAAAAAAAAAAAAAAAAAAAAAAAAAAAAAAAAAAAAAAAAAAAAAAAAAAAAAAAAAAAAAAAAAAAAAAAAAAAAAAAAAAAAAAAAAAAAAAAAAAAAAAAAAACH5BAEHAEMALAAAAAA8ADwAAAf/gEOCg4SFhoMKLDkZFwYRFxk5BziHlZaXmA81KxcRNAgOMzMOCDSPKzU6mKusgwQkNBwzIjw2Kh8DuQMfKhgBEw4cNBQErcaFPQkVDjk6AxrQ0dLTDzkOFQmqx6wqMhUoP8/T4+QaAz8oFTIq25cBDA4/5B8PQDUkKSkvCyUYCuQ/gjDg0c4QjgQMcoiLpiJAAgQMKkicOJHGjRMuplmgwMDEh4KCCCBAgGGaDRkRJBpYaYCDS5cRYkbkkEGeNB8ILsAo2IMDhH/RCJhQ2VIlghkCBJAyIJGDzAoCDkhTgMKANmM9KphYqGEBhwoxJc4g8QPGB2kfCPx4MUNlhIgi/3BEG4Dw6ioYHaWBuBFjZQUDImxMwwEChFxpGCYwDXuhh7QEHCSw+kADwkIXCMB+nQADmoUDFDIEMeXJQSQf4gh4c8qAQYO5KBB8xJQBwWENDwwwSHlBqgYJFC5M5MByZcQKFyiogMYicwSmJaIpoJEA07sHQd+mXCH3AwWmTmOKHx/zq4EcFjQoyACWqU0NGBiUsASCwYJoOC7srpACGoYLfZEnIHkGxBCEYBqI0B4D2EHDkQKVmODAQsq8lQM0AVSw24AcjtcaD9CQsBsDF5ylgQUXyHCICxWwEA0PMYhHQQ4KOtLhjTHpJkIOFIjHXzQ/VOCCIRlAIN1zPkqE4/+SSYLlY0nQCFAdITC0GM0LTjKpJY4MoABkBZINQkIQ4qiwknhfTWTjeBRl6SFFa5JXgW8DJEdIBBdCk0OWDIjAwp8sZLBhBBw4ACgLNYQXFgcopJADCSYIp6iPK0RDAQ2DPMBBRuYEoWgFAUiTAp9GRsOijzJwGs0HQDhHHgedaaDDpoKcMEM0PrhZwQbSKChel4htWEEN5ag3w6Bh8QqNAxsIkoEIluqqLDS+yuRlNPGlJEOx0MBw5q8ZRDPBCkPggACI0NyA7K698nmtfwysJMFNC/CQXjTejGcADYftUCILETimAWVxshtNtW+9C19rN0hTQwwQJyDNDm6+JTD/BhH4cOlyGhAwaUrTJuhusBW8gB+h5YEQTQkVVwAENBJEsMANskGTq5whIwwsthHlKeuGDCBwrwYntEysBuY+NCE0DbSc88g8G3ABBFTP4EhrvkEDAbIpUeDZBUEYcCs0LOPc7q8KZ6tba/HGMEOD0ABRcUoFROMADWJHI7fZB0MNr5wG1MAVC8QJWLLdnyytQZB8U+v3wmxmECs0A+QQ74AVeH0i2DSbiEHL90VTAJ8NR3NAlsNO40NbcbKpbNIbd/ttWP1F04AQLAnhswZlpxTdqqPOzaZNMS8AsMAoxsmBANOk8FIGt2kwatfS9EADAGyzLeCm/mVsLroarMA1/wOqwtwDARohsJLQ0rjgwwPwx8/DpAawr4G/Hz0bTQ0tm8BtNAsASwV2VywXrMt/0BhXrcamAQMajoDjAEK8mIKg/z1gXb/TALMEoSlVoYBrKcmAD4ZGOR1M4C8scYEFPsDCFrqQhT7gGlBmNSRB4OlFMRJQay6QAH2kwAQz+Ap5cnKBIhrxiEVEAJug5SBMiUlxH0DAx8SjG4pM8TnFyWIWPcSpOlGASlaCxgZyuKUyYm5b0AhSmAZRpLk4YFATMWOH4pgjA8wrSlMiBItc5B8URmBGNZKjvhjgqB7FJAbTClINCyGhheQgRgzQXIZAqKXW/E5EIYwGilR0iPrsjv89KandfwK0pQIdyHFvQQBQNPAgS1xnVQIQIHdO9J0KXPFVf0GPekC5G/TBaz6XqM1tcBBL3vgGOMJpShaPkxyONUeAEVDVdPJoCcpYZlUZiNFmYvWZ0NwtJjQwTQ5QAw3V2JI3kxtAbGaDCbwgMFr7AUwFoUEYw0wjMYspkAmiB5k1ruIBWuGKDxzQF6ZUYCxlMRE00rKWtqCwAjQAnznqso2e/EQaA9hAZnaTpvohRSnqawqhwPKCVaqnKnYxhkhIMo0PBEAAx2HJS4hjHIkEIQccw1VOdgKSgySEK9DQwSYa0SZbIuAG4wTqRjrCTpAM4R3xKIcFYICBDgABCD9d8AEBFDqNBryRIE4tRDe+EY7/Fesc6ZgACMJaiQcogxnOMGs0qhEEraSUrYYgwKVkQQsM3EIXu5CAL4AhDArwFK+s0AQnPAEKUZDCFDxMBWJ7eoBFdOIRkZgEXgMBADs=
U3,625,PTS - Campus Cartuja - Cno. Alfacar,R0lGODlhPAA8AOYAAABqc5nMzEKWnPf6+xh9hsbh42WtsgJ5geXw8Xy6vrPW2CqNlFCfpQ98hABze9jq7Ah7g3KztzOZma3S1bza3e/39yGIj4zBxV2prkWcojOZmSKEjNTn6QBre1mnrG2ytgd1fRGAh////3W1uqTN0N/u78Pe4DuUm5LFyPT5+ejz9EKZn87m5xl7jLfZ21WlqmqvtIS8wEmcoyKKkXq3vIzCxa3U1kiaoKjR1Or09TOZmdjr7ABzhDOOlVKjqGKrsIe/w7Xe3r7d3xOBiReBiBmEjEqlpTqUlPj8/Mnj5P///wAAAAAAAAAAAAAAAAAAAAAAAAAAAAAAAAAAAAAAAAAAAAAAAAAAAAAAAAAAAAAAAAAAAAAAAAAAAAAAAAAAAAAAAAAAAAAAAAAAAAAAAAAAAAAAAAAAAAAAAAAAAAAAAAAAAAAAAAAAAAAAAAAAAAAAAAAAAAAAAAAAAAAAAAAAAAAAAAAAAAAAAAAAAAAAAAAAAAAAAAAAAAAAAAAAACH5BAEHAEoALAAAAAA8ADwAAAf/gEqCg4SFhoMqEx8nRQcHRCcfOAiHlZaXmCYJNxsNEEMWoRZDEA0bKwkmmKusgywwBA4WLzUUOxUDuQMVOxQ1LxYOBDAsrcaFJhmyESZIIs/Q0dIFEcErQsetJQwOPSQD0uHizwMkPQ4yO9mXKCAWJOIqQgE0BhgYBjQBQgjiJMEX1hnKoexDCmkcYpwI4aChw4cNTsRgIS1FBAcrVAgUxKFIERfSbGQ40NCRo4cmSTZcMUEahSJEiq0zAaJHP2gUTpRU2TCEhQULLITgedLBCZDQVJwAge1YARArDj6r8GNnwxkGSLCoEK0CBxIGZlh1gIHrMyQyHDRlxQGqs2dJ/2Z0KPqCgrQcJUrkcOmBpKMOFgpEkwFCJqYKRHqAe2YDggPHDnxQFDFAQQQBQiFA8BlJgVQOLxo6BoEDGpITRHKsyjDkpggSoh0UaSliR4QiKE0+LPLhAWPckAMkJSIAEwoHSEXYEN1BQD+LEDo4SEk9ZQcIH7iqWDGXZOlnQhwErIQAxAdoLECAiP7iGYUNAKrLpw5gA1IP3Q8kgTbCQYlKDBQhVQpikQTDM8c9Nt+CRdXwzAfTyWLWABbIcEgSDsDzjAEAaAYBDBF4MB2DJJ70QgQRQPAXBtBM4IAqhaywADQmjFiUjSWS6FBKakHTwwmFPJAhNDrlaGSO3UCDg/8DHBDyQRGLuYDjQzjq9pCK1FG5oAM2QGOBAYQQcN4zyqRkAApoomABdQukiUJoPELQAwMvyLCAX9VhxF8DgxTggGC1ZWlCNEWe5EM0JOR3wAi+RcNCBAty8AwLB8AYgwVvAaGoAwpEc45uDERznCMNCDGOCCY0UF0HCUAzAw2C3HDoMytM2amPNjoQKjSjDnnqa1UaBY0HxeWwwQXP5DAUj7c+8+lJuyLYUA/RJPEDAyO4NkAj1DWgAoIbIKBAA0jVmGWzIjxLUrQiJNjqMyUcAIADACzwlggSBGuXCEI0QMIIEDQaQLDoqqurqA3F8MDCCXTnQAhSibBAsCjA24D/AaztJUICBHuaK7ujUvfJED00i2GeI0xFhAShLAZDx7iCinB1C+Rg1qQT5/nDWRY00ACmz1R1rscy81rlATN29UN8eXoAzcQ/vyU0s0RDOzObuUgDW9NPy2KByzA7m6sMM6MEQSgn0PaMiFnuLAISPWf8DMdZqi1CoSTN+kwNAAwxwt8jLKvSDkoGm7IIiEkAsMAUR8OhSQAgC00EAMwQTYF/NUtB4yKUcPG45QbLIjQlTLzSzSLUGoLGIsQAwLwAhODaklnu2y8JxkqubHVQRjMABTgMGg0CKnIZTQAMrGCApNBMbZK34FIiKzS1Zungr8+8TBK12D+ApW4nDFuc/xKXZqqoScmNM7BuL9wbzgPBUMeqq7AqgSGgOyyYgGvR7KA9jwsgAepqk4AGKIg6zKMUjJQgJmiUKU8NyEAEgIACIHxgBY6RT0OIsAIM/OAFPchgnlawJyf1TgRS2hKVjpan3GiwS8/4EiGEpKG7sfBIODwJ90SwpCYRQkY0mtJOcqjBIZLEVM4CUiEwVEMOeQhEcCJilk4EAyx1YHQicFEBDhGgARXIAQdql2ik2JDrQYgkFphQhchjHvSoJzpOE8F7mIbD+iAFA/nZzzP6859KHCc5CmCOcxCXIunkqAPm0Q53TvIdfokHE6xxDWweIxva7OBJLuSJbHrzG0o6QP84z1ABcVZRgSL0IGKN8aRknpECBSyiZx6yQGc+ExpKksY0PUgNW9wCjbg4zAF1uUteWOeevowIMIB6BmEMs4qnRAUaKTDAWLCiFdRVgAVgEcuIGvKDmw0gLWtpBU1sEg0h6GSbDvEJUIRCFJWcYF/PQMBSwmmMjhAhfcoZiREz6RCWuAQmzMxGDtJiEITEQAAMWaFDIhID5kHzIitQzUYG0Y53xGMe9bhHPvbxrXD8AwTjmSghSuCDbnwDe6cqxzkYoA6RHiIZy2gGSqFBDWvQ06WG4AAsZOGDC9giB7rYRS9+EYxhBBSnl9AEJzwBClGQwhQ3SAVSN6ICG0SAEY4JKEIkJkAJlwYCADs=
111,111,Camino de Ronda - Ayuntamiento - Gran Vía,R0lGODlhPAA8AOYAADs7OrW1tYp1NOCtDP///4SEg2ZmZtvb2lRSTZ6CLJmZmVpaWczMzEpKSe/v7//AAGthQ8WbGVhVS3h4d729vKWlpURJVIyMjPK4BEdHRWBgX9bW1uPj4oFvOff397yVHUxOUcLCwXBwb0lLUqqqqdamEf/MAGNcRpKSkfS5A5N7MOawCnZpPVJSUlpXSkJCQaGhoK6MJHt7e2ZmZsXFxf/FAHNzc1paUraSILGxsPi8At6rDmJbR5mZmcyfFnlqPICAf4yMhJl/LY95MqWHKO+2BnFlQINxOL2UIebm5t7e3q2trOqzCHNrQqWMKf///wAAAAAAAAAAAAAAAAAAAAAAAAAAAAAAAAAAAAAAAAAAAAAAAAAAAAAAAAAAAAAAAAAAAAAAAAAAAAAAAAAAAAAAAAAAAAAAAAAAAAAAAAAAAAAAAAAAAAAAAAAAAAAAAAAAAAAAAAAAAAAAAAAAAAAAAAAAAAAAAAAAAAAAAAAAAAAAAAAAAAAAAAAAAAAAACH5BAEHAE8ALAAAAAA8ADwAAAf/gE+Cg4SFhoMONAoTGi0tGhMKNA6HlZaXmBsVMo0tCxqgGguOGjIVG5ipqoNKCgsNGgVLDBwOHrceDhwMSwUaDQsKSqvEhRsyLxoKGx4Ezs/Q0RsKGi8yqMWqSQUvBhTN0eHiBB4UIi8FSdmXObAU4g4bFBUKKPYVARsO4hQaGTnrDDkAkkEBuGccSExYkOGFw4cOMyyYQIJDNA8KMsigFPCJkgULGERjIKPBiwwNWoBYybJlwwYyaIwEOWzdhgYikkDbYMMhSwsWQEjgQZSHBBBARzhqaEPkMwciGmAjtiHDhIMeUGTI4AjoiSE4SqzAoEMHhhUlcAw5AXTlVhRY/2VkmJqKQ4MJ0A4YeLEy6JEIKWoITrFiwICxDxKniHAEqaNuB6CVrInJwwIRB2mA4DrCQocSgotEEMLCKILTPFgIiVBEcIkOFpSilOnMg4gFHC/JwP2MAsoWFiR8EDxACA+gQVv2teBCyA7BH1xYaNEgwztnDiZiypHBKQEGvy0YWWGiiBDgIBypX68eKQghRUysMDK9Ou3v/yw5KPhMCYiUFhyhQw0+HJceewiuhxQPPtSgwxH1NRCZMxmpc4gv4HhgAGdDCBbDCEolKOJ6IMYgmAqyaZChBkAccsALITyDwgvqqZCAACCOqGN7IAiQgAqnIfACCs+E8AJdgkwgwv8zVR0IHFA7RqkecuvN9YwINhTCwQvXEWADV1KGGWUGNhT5AgeEUAMOAzSK6aaOL3inAQqEtKDAM8jo2NBJCZrkUEoI7tmmeho9A0MLg9y0gTN2AdpnBRRQAIOjjjTgTaRRsZcBCpEusdJ6DVhEwAFSCVKBBs+QMGigCzAJpnoAwPAMN6A2oBMBDnyq3gsVPGMADEkG8cwEr6rXgEkZxOgMeJVmAIAB+zhTAJh+koCQrkuV6cwFEzyRXQ7YvYKgBgZcMOGyGaSngQ0kHETAtCAsYEAB3hHAAbbqRZsDbjS04FRVCSohDngZADEONy/cB829Ti71bwshKNDCrQGsqt7/rSNtVcDBDtV7bcMtvBCAM0nYuVC0MFjsyAG4QEMwELi4y00GNMT8MXsvyErOZaCAM2OCII2yKLrpBY3XrOkGDUKXDONMpDOitGDAMxeoTN2xcT7D7NXdQDPt1Q0AAC6j+IZ8ga8pTb2t1YR6t/VSSyK9nsg3z322MwYAo6IzP4/YndbFZhC3tMXSTTbIQz7TyMnOpKyn24EP/m7hIx+Os86WiSAxxWw7DHiVkn+9a+X2lm14ySj0+2+xgUIOuteU1922Mxu0QMG32O34N7qvyz267Pk6EwBuT0xwNwHE+u06oaHHbjmh2hJwQZZPVKA2Aar6PTQBADPv9apcPoUv/6++AvvETRPaBbKxFYTg/qSgGuC++5kSisL8OeDbgMAEKFGqIC3QGQHk4reHsO4xD6FUpSCiqaMR4FCEQAGqnEGDzr3JTQlTHJ0GwYFkXemAF3ST4J5BgwxQRhA2GNwG+DIlKIUQQVTalXewZIgV3qdvLRiCEGCzvjd5RghDCNILjldCJAkCCHsjhz9aMAIVCIYIsXkhiIggGCGk6CAGkEElkpABAZIKQAIYUASk00MdMScCghFAhLYHgwxY6BDc2V4FAcQCJpiACSpwT5TcMwQ7MuEH9YGRq5aACcY5gwIvAJAL0FiDHahAOm1RDlKCMwTQ1GCMgSRddqh3iexgpv9I1WHiCI7wnBow4QMqMIILgoQAFxhBBR9ggmB2ACHZNEBZzrBBC3JzCSUUbCfV6EuPfDCg0BjGMEVIzAN04AMBOCZkGtgeAQhywkwUDCsX2EpXLAABWJaACWUpCxNKgEoIdMYtGbhAtJxBEAZk4yYiWOd3zsGX5YDABSeAAARO4IJJhqghIqiXA77kznV8JCTRCMEEkAUoEIDoof9M5ARwuSyQHKAj3lqoQaKhhAroUlAQ4ZMNYHAuQ92Flx1ZQgY0QNGnMCAHMEDBBWYKgxwwQJ5F2hAJMGoIDhBEBC0dh1BDIIKCoYmnh9gAsTRAUqGK4wAw8McECopUSxwABdQ4KVcONpAEd3kgCRvIwQXy1gIUXLSqq9gADBbiiE8Y4K2j8MRIqYrWbCSBAigQQQu0KQJOvRGjgQAAOw==
121,121,Gran Vía - Violón - Camino de Ronda,R0lGODlhPAA8ANUAADMzM8LCwWZmZpmZmf///+Pj4lBQTnh4d6qqqdbW1kdHRVdXVomJiPf392ZmZr29vd7e3uvr6lJSUYCAf6GhoEBAPrW1tczMzGBgX0pKSZKSkXBwb3t7ezo6OVpaWubm5oSEg6WlpZmZmUJCQXNzc4yMi+/v762trMXFxf///wAAAAAAAAAAAAAAAAAAAAAAAAAAAAAAAAAAAAAAAAAAAAAAAAAAAAAAAAAAAAAAAAAAAAAAAAAAAAAAAAAAAAAAACH5BAEHACkALAAAAAA8ADwAAAb/wJRwSCwah6YLZSJYLAQcysV0rFqv2ASCg5FIFh6MeOHFcEIJrHo9LAw8CswkhIKYGviGCYJCTDAZHgMQbIVFCRMjHhoXDQSPkJGRDQkaHiMcaYZrHwwjAhaOkqOkBA0WAiMgH5tXFoEWpCYJDyEDGhoDIQ8JJqQPgCetRg0TChqikAUIBwsKI9DR0AoLBwgFkg0aChxUwykFGAsokhcTBiMKBusGGe4Z7AbPBhzkkRdghK0JBgIfkQlIQFuXAVqGBRgECBBXcAQ8dCNIJIgUYUMGTYUSZDiQTJsCdRAxaHhgJ9KeBxowfFz3ERmkBhwUYFRTYGMyCAIqrHMI4kK2/wgRkj26AKLgugoCIETikEEflgYeBCRDIU9CwQkThw7g0MTLkwMDGj2CkCiDBHX2TG3w0EANhwURIAVQYHbEggCPPgxQme4hwWcjMAz4RyDAJasKHkAyUQ2LBQU+h9KVEDFugwEGKviNxzmDzgGOIpCogDjtBQXCqkRQMAAShHYSKoB4lACDTs64cVfAEJkBaXdKHw1QEKEKCAyiGghQd+zRYwUSckuP9zEWgW3ykD9qIOdIghGKH2kg7WUAhRJ0p6unXoLCAC+xNcgdMVMIhw2QEoBkOXC9/539sZQVARuQUEQB4EFCwn7/NaieAvg9MlcBROwlygUjOKjheiOkJf8SERK09kgi0kUDHW7TALZZZ9Gwo8ABkFAgwRAaZVWAehSccEJR1EnAgAUXXBDAXhni9qKOISzATgbYEADBRUKEgAEkCNzGmQICQPJAkegc0OQkFDB4VGQEAHJUCJAIQIF9DEBygJgFQQaJBUW+WMojJ3CpQAcTvGSmPCRAwoCBJnhwwiOMcYYQCAMSQCc7hG3nSyQbQOfBBghM8qcBC0xqgQcmoCBBZPrF48EHQjmX4QhtQjIAGfJBEgIAIaRqyqZyEpCABENKQNiWptrq6KrWEfBAB+50kNYDABSrqV8jWPfBAhocAOojIXBpAFukPDoCmSUUWQFezgFw6CjcQUv/wXaXiiGKBtr2o5AAcanaDggU5GtmBSQk40lCC2W63aYjxEqAAF5k+Ui4nWXw0ZePytNiQSAkc2M7yRqcLjuspqmOwgQwLF2kEcejSHiPRKCSySLeCm2rBysQxrvxxkOytg67BAkKcETHccsb72QwwtaKQkHNkM6ppwRpERABeiey7Ke67G7wHmEl43YzQQsE59wCVnI2AtAES0utqKSKabPSLJHZAAMd0PXOZmNP7SKpEjxQ6LmJjsx2xy9dAMHghD8ALdmbeepBcQfA/Kbf9uZ6p5OH2w0oJCUYmIKUVIYdz6TGOuTB5K5VDsmfFaD5iJpC1PhITdIFkMDsw2WA/8HsuOee+ysuMoD7BR481NRYUAoRIiQx5ebwR2Z58dHz0EO/ojzPuwjjIxQYUOGUQyG94fcdpqkBEQUoQC4BC36vvosREoCCAk4JcUD7pboY4Pr2a/stJAUa8d3544HPAAbAALV9TwEgGCB8KlCCncnkCH9IzspYg6eP+GxDHznXcLKTDDOohoLEM0sFWnUB23yvAh6ITAl04o4BHY0VVTiB5N4nwgP44jLomB5ujAIaApiAA7cZwfn0kxorWAt0D5iMIuzhhkv0JR4Og8YimlTCEVglWovxgOauAJUNJCMAVXEYCILTABQMgATiWAdCSDAAFIiiAAWEDl3Oh75Orf3hSRwAiAnRYQAGkAlRH/gA6GhTAj5m5naRMEb8ssCNjkBtJ1jSQAAgIJQGFGBIy6mTAkogFGNcYBMa2UC9hrKB/jQkEPMSgAcg8pBnbOCPJqjUJ1sBAQ+kUBIoOECcljQ3vzxjI3QkAPC69o0U/JA1qYJACEjgDGlIAzokCIHXtjOAjXijmCmQIQZQRpELWIACGihBCTRAASCNMhLAQA02i/ABY2zgAcIi3XYeUKkJUGid/ouJYBolzwTs5UX1wWcRIPAq24HgBBcowB2204APXOAEDAAEtRYpUCskIATW8kIYFIIBD2j0ABQIaEXXEIEhkSB4gWBjAIqzziAAADs=
